Seq_Sample_ID,Sample_ID,,District,Country
all_ACH-21-BB-31_S140,ACH-21-BB-31_S140,ACH-21-BB-31,Batu,Ethiopia
all_ACH-21-BB-33_S151,ACH-21-BB-33_S151,ACH-21-BB-33,Batu,Ethiopia
all_ACH-21-BB-37_S162,ACH-21-BB-37_S162,ACH-21-BB-37,Batu,Ethiopia
all_ACH-21-BB-39_S174,ACH-21-BB-39_S174,ACH-21-BB-39,Batu,Ethiopia
all_ACH-21-BB-42_S94,ACH-21-BB-42_S94,ACH-21-BB-42,Batu,Ethiopia
all_ACH-21-BB-46_S106,ACH-21-BB-46_S106,ACH-21-BB-46,Batu,Ethiopia
all_ACH-21-BB-53_S118,ACH-21-BB-53_S118,ACH-21-BB-53,Batu,Ethiopia
all_ACH-21-BB-57_S130,ACH-21-BB-57_S130,ACH-21-BB-57,Batu,Ethiopia
all_ACH-21-BB-67_S141,ACH-21-BB-67_S141,ACH-21-BB-67,Batu,Ethiopia
all_ACH-21-BB-68_S152,ACH-21-BB-68_S152,ACH-21-BB-68,Batu,Ethiopia
all_ACH-21-BB-75_S163,ACH-21-BB-75_S163,ACH-21-BB-75,Batu,Ethiopia
all_ACH-21-BB-77_S175,ACH-21-BB-77_S175,ACH-21-BB-77,Batu,Ethiopia
all_ACH-21-BB-79_S95,ACH-21-BB-79_S95,ACH-21-BB-79,Batu,Ethiopia
all_ACH-21-BB-81_S107,ACH-21-BB-81_S107,ACH-21-BB-81,Batu,Ethiopia
all_ACH-21-BB-86_S131,ACH-21-BB-86_S131,ACH-21-BB-86,Batu,Ethiopia
all_ACH-21-BB-89_S153,ACH-21-BB-89_S153,ACH-21-BB-89,Batu,Ethiopia
all_ACH-21-BB-91_S176,ACH-21-BB-91_S176,ACH-21-BB-91,Batu,Ethiopia
all_ACH-21-BB-92_S96,ACH-21-BB-92_S96,ACH-21-BB-92,Batu,Ethiopia
all_ACH-21-BD-05_S108,ACH-21-BD-05_S108,ACH-21-BD-05,Batu,Ethiopia
all_ACH-21-BD-11_S120,ACH-21-BD-11_S120,ACH-21-BD-11,Batu,Ethiopia
all_ACH-21-BD-18_S105,ACH-21-BD-18_S105,ACH-21-BD-18,Batu,Ethiopia
all_ACH-21-BD-27_S117,ACH-21-BD-27_S117,ACH-21-BD-27,Batu,Ethiopia
all_ACH-21-BD-28_S129,ACH-21-BD-28_S129,ACH-21-BD-28,Batu,Ethiopia
all_ACH-21-BS-003_S132,ACH-21-BS-003_S132,ACH-21-BS-003,Batu,Ethiopia
all_ACH-21-BS-008_S143,ACH-21-BS-008_S143,ACH-21-BS-008,Batu,Ethiopia
all_ACH-21-BS-009_S154,ACH-21-BS-009_S154,ACH-21-BS-009,Batu,Ethiopia
all_ACH-21-BS-012_S165,ACH-21-BS-012_S165,ACH-21-BS-012,Batu,Ethiopia
all_ACH-21-BS-015_S177,ACH-21-BS-015_S177,ACH-21-BS-015,Batu,Ethiopia
all_ACH-21-BS-024_S97,ACH-21-BS-024_S97,ACH-21-BS-024,Batu,Ethiopia
all_ACH-21-BS-027_S109,ACH-21-BS-027_S109,ACH-21-BS-027,Batu,Ethiopia
all_ACH-21-BS-028_S121,ACH-21-BS-028_S121,ACH-21-BS-028,Batu,Ethiopia
all_ACH-21-BS-032_S133,ACH-21-BS-032_S133,ACH-21-BS-032,Batu,Ethiopia
all_ACH-21-BS-048_S155,ACH-21-BS-048_S155,ACH-21-BS-048,Batu,Ethiopia
all_ACH-21-BS-052_S166,ACH-21-BS-052_S166,ACH-21-BS-052,Batu,Ethiopia
all_ACH-21-BS-053_S178,ACH-21-BS-053_S178,ACH-21-BS-053,Batu,Ethiopia
all_ACH-21-BS-070_S98,ACH-21-BS-070_S98,ACH-21-BS-070,Batu,Ethiopia
all_ACH-21-BS-074_S110,ACH-21-BS-074_S110,ACH-21-BS-074,Batu,Ethiopia
all_ACH-21-BS-075_S122,ACH-21-BS-075_S122,ACH-21-BS-075,Batu,Ethiopia
all_ACH-21-BS-076_S134,ACH-21-BS-076_S134,ACH-21-BS-076,Batu,Ethiopia
all_ACH-21-BS-077_S145,ACH-21-BS-077_S145,ACH-21-BS-077,Batu,Ethiopia
all_ACH-21-BS-080_S156,ACH-21-BS-080_S156,ACH-21-BS-080,Batu,Ethiopia
all_ACH-21-BS-081_S167,ACH-21-BS-081_S167,ACH-21-BS-081,Batu,Ethiopia
all_ACH-21-BS-082_S179,ACH-21-BS-082_S179,ACH-21-BS-082,Batu,Ethiopia
all_ACH-21-BS-083_S99,ACH-21-BS-083_S99,ACH-21-BS-083,Batu,Ethiopia
all_ACH-21-BS-084_S111,ACH-21-BS-084_S111,ACH-21-BS-084,Batu,Ethiopia
all_ACH-21-DH-130_S31,ACH-21-DH-130_S31,ACH-21-DH-130,Dera,Ethiopia
all_ACH-21-DH-132_S42,ACH-21-DH-132_S42,ACH-21-DH-132,Dera,Ethiopia
all_ACH-21-DH-133_S54,ACH-21-DH-133_S54,ACH-21-DH-133,Dera,Ethiopia
all_ACH-21-DH-135_S194,ACH-21-DH-135_S194,ACH-21-DH-135,Dera,Ethiopia
all_ACH-21-DH-136_S206,ACH-21-DH-136_S206,ACH-21-DH-136,Dera,Ethiopia
all_ACH-21-DH-137_S218,ACH-21-DH-137_S218,ACH-21-DH-137,Dera,Ethiopia
all_ACH-21-DH-138_S10,ACH-21-DH-138_S10,ACH-21-DH-138,Dera,Ethiopia
all_ACH-21-DH-141_S21,ACH-21-DH-141_S21,ACH-21-DH-141,Dera,Ethiopia
all_ACH-21-DH-144_S32,ACH-21-DH-144_S32,ACH-21-DH-144,Dera,Ethiopia
all_ACH-21-DH-145_S43,ACH-21-DH-145_S43,ACH-21-DH-145,Dera,Ethiopia
all_ACH-21-DH-147_S55,ACH-21-DH-147_S55,ACH-21-DH-147,Dera,Ethiopia
all_ACH-21-DH-148_S195,ACH-21-DH-148_S195,ACH-21-DH-148,Dera,Ethiopia
all_ACH-21-DH-149_S207,ACH-21-DH-149_S207,ACH-21-DH-149,Dera,Ethiopia
all_ACH-21-DH-159_S219,ACH-21-DH-159_S219,ACH-21-DH-159,Dera,Ethiopia
all_ACH-21-DH-160_S11,ACH-21-DH-160_S11,ACH-21-DH-160,Dera,Ethiopia
all_ACH-21-DH-167_S22,ACH-21-DH-167_S22,ACH-21-DH-167,Dera,Ethiopia
all_ACH-21-DH-180_S33,ACH-21-DH-180_S33,ACH-21-DH-180,Dera,Ethiopia
all_ACH-21-DH-181_S44,ACH-21-DH-181_S44,ACH-21-DH-181,Dera,Ethiopia
all_ACH-21-DH-184_S56,ACH-21-DH-184_S56,ACH-21-DH-184,Dera,Ethiopia
all_ACH-21-DH-185_S196,ACH-21-DH-185_S196,ACH-21-DH-185,Dera,Ethiopia
all_ACH-21-DH-188_S63,ACH-21-DH-188_S63,ACH-21-DH-188,Dera,Ethiopia
all_ACH-21-DH-189_S75,ACH-21-DH-189_S75,ACH-21-DH-189,Dera,Ethiopia
all_ACH-21-DH-193_S87,ACH-21-DH-193_S87,ACH-21-DH-193,Dera,Ethiopia
all_ACH-21-DH-196_S99,ACH-21-DH-196_S99,ACH-21-DH-196,Dera,Ethiopia
all_ACH-21-DH-200_S110,ACH-21-DH-200_S110,ACH-21-DH-200,Dera,Ethiopia
all_ACH-21-DH-201_S121,ACH-21-DH-201_S121,ACH-21-DH-201,Dera,Ethiopia
all_ACH-21-DH-203_S132,ACH-21-DH-203_S132,ACH-21-DH-203,Dera,Ethiopia
all_ACH-21-DH-204_S144,ACH-21-DH-204_S144,ACH-21-DH-204,Dera,Ethiopia
all_ACH-21-FB-001_S1,ACH-21-FB-001_S1,ACH-21-FB-001,Fedis,Ethiopia
all_ACH-21-FB-003_S13,ACH-21-FB-003_S13,ACH-21-FB-003,Fedis,Ethiopia
all_ACH-21-FB-004_S25,ACH-21-FB-004_S25,ACH-21-FB-004,Fedis,Ethiopia
all_ACH-21-FB-006_S37,ACH-21-FB-006_S37,ACH-21-FB-006,Fedis,Ethiopia
all_ACH-21-FB-008_S48,ACH-21-FB-008_S48,ACH-21-FB-008,Fedis,Ethiopia
all_ACH-21-FB-009_S59,ACH-21-FB-009_S59,ACH-21-FB-009,Fedis,Ethiopia
all_ACH-21-FB-011_S70,ACH-21-FB-011_S70,ACH-21-FB-011,Fedis,Ethiopia
all_ACH-21-FB-012_S82,ACH-21-FB-012_S82,ACH-21-FB-012,Fedis,Ethiopia
all_ACH-21-FB-014_S2,ACH-21-FB-014_S2,ACH-21-FB-014,Fedis,Ethiopia
all_ACH-21-FB-016_S14,ACH-21-FB-016_S14,ACH-21-FB-016,Fedis,Ethiopia
all_ACH-21-FB-021_S26,ACH-21-FB-021_S26,ACH-21-FB-021,Fedis,Ethiopia
all_ACH-21-FB-023_S38,ACH-21-FB-023_S38,ACH-21-FB-023,Fedis,Ethiopia
all_ACH-21-FB-024_S49,ACH-21-FB-024_S49,ACH-21-FB-024,Fedis,Ethiopia
all_ACH-21-FB-026_S60,ACH-21-FB-026_S60,ACH-21-FB-026,Fedis,Ethiopia
all_ACH-21-FB-027_S71,ACH-21-FB-027_S71,ACH-21-FB-027,Fedis,Ethiopia
all_ACH-21-FB-028_S83,ACH-21-FB-028_S83,ACH-21-FB-028,Fedis,Ethiopia
all_ACH-21-FB-029_S3,ACH-21-FB-029_S3,ACH-21-FB-029,Fedis,Ethiopia
all_ACH-21-FB-031_S15,ACH-21-FB-031_S15,ACH-21-FB-031,Fedis,Ethiopia
all_ACH-21-FB-032_S27,ACH-21-FB-032_S27,ACH-21-FB-032,Fedis,Ethiopia
all_ACH-21-FB-036_S39,ACH-21-FB-036_S39,ACH-21-FB-036,Fedis,Ethiopia
all_ACH-21-FB-038_S50,ACH-21-FB-038_S50,ACH-21-FB-038,Fedis,Ethiopia
all_ACH-21-FB-040_S61,ACH-21-FB-040_S61,ACH-21-FB-040,Fedis,Ethiopia
all_ACH-21-FB-042_S72,ACH-21-FB-042_S72,ACH-21-FB-042,Fedis,Ethiopia
all_ACH-21-FB-043_S84,ACH-21-FB-043_S84,ACH-21-FB-043,Fedis,Ethiopia
all_ACH-21-FB-044_S4,ACH-21-FB-044_S4,ACH-21-FB-044,Fedis,Ethiopia
all_ACH-21-FB-047_S16,ACH-21-FB-047_S16,ACH-21-FB-047,Fedis,Ethiopia
all_ACH-21-FB-049_S28,ACH-21-FB-049_S28,ACH-21-FB-049,Fedis,Ethiopia
all_ACH-21-FB-050_S40,ACH-21-FB-050_S40,ACH-21-FB-050,Fedis,Ethiopia
all_ACH-21-FB-051_S51,ACH-21-FB-051_S51,ACH-21-FB-051,Fedis,Ethiopia
all_ACH-21-FB-053_S62,ACH-21-FB-053_S62,ACH-21-FB-053,Fedis,Ethiopia
all_ACH-21-FB-057_S73,ACH-21-FB-057_S73,ACH-21-FB-057,Fedis,Ethiopia
all_ACH-21-FB-059_S85,ACH-21-FB-059_S85,ACH-21-FB-059,Fedis,Ethiopia
all_ACH-21-FB-061_S5,ACH-21-FB-061_S5,ACH-21-FB-061,Fedis,Ethiopia
all_ACH-21-FB-063_S17,ACH-21-FB-063_S17,ACH-21-FB-063,Fedis,Ethiopia
all_ACH-21-FB-064_S29,ACH-21-FB-064_S29,ACH-21-FB-064,Fedis,Ethiopia
all_ACH-21-FB-067_S41,ACH-21-FB-067_S41,ACH-21-FB-067,Fedis,Ethiopia
all_ACH-21-FB-071_S52,ACH-21-FB-071_S52,ACH-21-FB-071,Fedis,Ethiopia
all_ACH-21-FB-072_S63,ACH-21-FB-072_S63,ACH-21-FB-072,Fedis,Ethiopia
all_ACH-21-FB-077_S74,ACH-21-FB-077_S74,ACH-21-FB-077,Fedis,Ethiopia
all_ACH-21-FB-078_S86,ACH-21-FB-078_S86,ACH-21-FB-078,Fedis,Ethiopia
all_ACH-21-FB-079_S6,ACH-21-FB-079_S6,ACH-21-FB-079,Fedis,Ethiopia
all_ACH-21-FB-080_S18,ACH-21-FB-080_S18,ACH-21-FB-080,Fedis,Ethiopia
all_ACH-21-FB-081_S30,ACH-21-FB-081_S30,ACH-21-FB-081,Fedis,Ethiopia
all_ACH-21-FB-082_S42,ACH-21-FB-082_S42,ACH-21-FB-082,Fedis,Ethiopia
all_ACH-21-FB-084_S53,ACH-21-FB-084_S53,ACH-21-FB-084,Fedis,Ethiopia
all_ACH-21-FB-085_S64,ACH-21-FB-085_S64,ACH-21-FB-085,Fedis,Ethiopia
all_ACH-21-FB-088_S87,ACH-21-FB-088_S87,ACH-21-FB-088,Fedis,Ethiopia
all_ACH-21-SH-065_S184,ACH-21-SH-065_S184,ACH-21-SH-065,Salamago,Ethiopia
all_ACH-21-SH-069_S93,ACH-21-SH-069_S93,ACH-21-SH-069,Salamago,Ethiopia
all_ACH-21-SH-070_S119,ACH-21-SH-070_S119,ACH-21-SH-070,Salamago,Ethiopia
all_ACH-21-SK-017_S124,ACH-21-SK-017_S124,ACH-21-SK-017,Salamago,Ethiopia
all_ACH-21-SK-018_S104,ACH-21-SK-018_S104,ACH-21-SK-018,Salamago,Ethiopia
all_ACH21-AA001_S7,ACH21-AA001_S7,ACH21-AA001,Amibara,Ethiopia
all_ACH21-AA003_S31,ACH21-AA003_S31,ACH21-AA003,Amibara,Ethiopia
all_ACH21-AA004_S43,ACH21-AA004_S43,ACH21-AA004,Amibara,Ethiopia
all_ACH21-AA005_S54,ACH21-AA005_S54,ACH21-AA005,Amibara,Ethiopia
all_ACH21-AA006_S65,ACH21-AA006_S65,ACH21-AA006,Amibara,Ethiopia
all_ACH21-AA007_S76,ACH21-AA007_S76,ACH21-AA007,Amibara,Ethiopia
all_ACH21-AA008_S88,ACH21-AA008_S88,ACH21-AA008,Amibara,Ethiopia
all_ACH21-AA009_S8,ACH21-AA009_S8,ACH21-AA009,Amibara,Ethiopia
all_ACH21-AA010_S20,ACH21-AA010_S20,ACH21-AA010,Amibara,Ethiopia
all_ACH21-AA011_S32,ACH21-AA011_S32,ACH21-AA011,Amibara,Ethiopia
all_ACH21-AA012_S44,ACH21-AA012_S44,ACH21-AA012,Amibara,Ethiopia
all_ACH21-AA014_S66,ACH21-AA014_S66,ACH21-AA014,Amibara,Ethiopia
all_ACH21-AA015_S77,ACH21-AA015_S77,ACH21-AA015,Amibara,Ethiopia
all_ACH21-AA018_S9,ACH21-AA018_S9,ACH21-AA018,Amibara,Ethiopia
all_ACH21-AA022_S33,ACH21-AA022_S33,ACH21-AA022,Amibara,Ethiopia
all_ACH21-AA023_S45,ACH21-AA023_S45,ACH21-AA023,Amibara,Ethiopia
all_ACH21-AA024_S56,ACH21-AA024_S56,ACH21-AA024,Amibara,Ethiopia
all_ACH21-AA025_S67,ACH21-AA025_S67,ACH21-AA025,Amibara,Ethiopia
all_ACH21-AA026_S78,ACH21-AA026_S78,ACH21-AA026,Amibara,Ethiopia
all_ACH21-AA028_S90,ACH21-AA028_S90,ACH21-AA028,Amibara,Ethiopia
all_ACH21-AA029_S10,ACH21-AA029_S10,ACH21-AA029,Amibara,Ethiopia
all_ACH21-AA030_S22,ACH21-AA030_S22,ACH21-AA030,Amibara,Ethiopia
all_ACH21-AA031_S34,ACH21-AA031_S34,ACH21-AA031,Amibara,Ethiopia
all_ACH21-AA032_S46,ACH21-AA032_S46,ACH21-AA032,Amibara,Ethiopia
all_ACH21-AA033_S57,ACH21-AA033_S57,ACH21-AA033,Amibara,Ethiopia
all_ACH21-AA034_S68,ACH21-AA034_S68,ACH21-AA034,Amibara,Ethiopia
all_ACH21-AA035_S79,ACH21-AA035_S79,ACH21-AA035,Amibara,Ethiopia
all_ACH21-AA036_S91,ACH21-AA036_S91,ACH21-AA036,Amibara,Ethiopia
all_ACH21-AA037_S11,ACH21-AA037_S11,ACH21-AA037,Amibara,Ethiopia
all_ACH21-AA039_S23,ACH21-AA039_S23,ACH21-AA039,Amibara,Ethiopia
all_ACH21-AA041_S47,ACH21-AA041_S47,ACH21-AA041,Amibara,Ethiopia
all_ACH21-AA042_S58,ACH21-AA042_S58,ACH21-AA042,Amibara,Ethiopia
all_ACH21-AA043_S69,ACH21-AA043_S69,ACH21-AA043,Amibara,Ethiopia
all_ACH21-AA044_S80,ACH21-AA044_S80,ACH21-AA044,Amibara,Ethiopia
all_ACH21-AA045_S92,ACH21-AA045_S92,ACH21-AA045,Amibara,Ethiopia
all_ACH21-AA046_S75,ACH21-AA046_S75,ACH21-AA046,Amibara,Ethiopia
all_ACH21-AA047_S55,ACH21-AA047_S55,ACH21-AA047,Amibara,Ethiopia
all_ACH21-AA048_S89,ACH21-AA048_S89,ACH21-AA048,Amibara,Ethiopia
all_ACH21-AA049_S12,ACH21-AA049_S12,ACH21-AA049,Amibara,Ethiopia
all_ACH21-DL002_S149,ACH21-DL002_S149,ACH21-DL002,Dasenech,Ethiopia
all_ACH21-DL004_S150,ACH21-DL004_S150,ACH21-DL004,Dasenech,Ethiopia
all_ACH21-DL005_S151,ACH21-DL005_S151,ACH21-DL005,Dasenech,Ethiopia
all_ACH21-DL007_S152,ACH21-DL007_S152,ACH21-DL007,Dasenech,Ethiopia
all_ACH21-DL012_S156,ACH21-DL012_S156,ACH21-DL012,Dasenech,Ethiopia
all_ACH21-DL014_S157,ACH21-DL014_S157,ACH21-DL014,Dasenech,Ethiopia
all_ACH21-DL015_S159,ACH21-DL015_S159,ACH21-DL015,Dasenech,Ethiopia
all_ACH21-DL017_S160,ACH21-DL017_S160,ACH21-DL017,Dasenech,Ethiopia
all_ACH21-DL019_S161,ACH21-DL019_S161,ACH21-DL019,Dasenech,Ethiopia
all_ACH21-DL020_S162,ACH21-DL020_S162,ACH21-DL020,Dasenech,Ethiopia
all_ACH21-DL021_S163,ACH21-DL021_S163,ACH21-DL021,Dasenech,Ethiopia
all_ACH21-DL022_S164,ACH21-DL022_S164,ACH21-DL022,Dasenech,Ethiopia
all_ACH21-DL064_S170,ACH21-DL064_S170,ACH21-DL064,Dasenech,Ethiopia
all_ACH21-DL067_S171,ACH21-DL067_S171,ACH21-DL067,Dasenech,Ethiopia
all_ACH21-DL069_S172,ACH21-DL069_S172,ACH21-DL069,Dasenech,Ethiopia
all_ACH21-DL083_S173,ACH21-DL083_S173,ACH21-DL083,Dasenech,Ethiopia
all_ACH21-DL086_S174,ACH21-DL086_S174,ACH21-DL086,Dasenech,Ethiopia
all_ACH21-DL089_S175,ACH21-DL089_S175,ACH21-DL089,Dasenech,Ethiopia
all_ACH21-DO001_S129,ACH21-DO001_S129,ACH21-DO001,Dasenech,Ethiopia
all_ACH21-DO002_S130,ACH21-DO002_S130,ACH21-DO002,Dasenech,Ethiopia
all_ACH21-DO003_S131,ACH21-DO003_S131,ACH21-DO003,Dasenech,Ethiopia
all_ACH21-DO004_S132,ACH21-DO004_S132,ACH21-DO004,Dasenech,Ethiopia
all_ACH21-DO005_S134,ACH21-DO005_S134,ACH21-DO005,Dasenech,Ethiopia
all_ACH21-DO006_S135,ACH21-DO006_S135,ACH21-DO006,Dasenech,Ethiopia
all_ACH21-DO007_S136,ACH21-DO007_S136,ACH21-DO007,Dasenech,Ethiopia
all_ACH21-DO008_S137,ACH21-DO008_S137,ACH21-DO008,Dasenech,Ethiopia
all_ACH21-DO009_S138,ACH21-DO009_S138,ACH21-DO009,Dasenech,Ethiopia
all_ACH21-DO011_S139,ACH21-DO011_S139,ACH21-DO011,Dasenech,Ethiopia
all_ACH21-DO012_S140,ACH21-DO012_S140,ACH21-DO012,Dasenech,Ethiopia
all_ACH21-DO019_S145,ACH21-DO019_S145,ACH21-DO019,Dasenech,Ethiopia
all_ACH21-DO021_S146,ACH21-DO021_S146,ACH21-DO021,Dasenech,Ethiopia
all_ACH21-DO022_S147,ACH21-DO022_S147,ACH21-DO022,Dasenech,Ethiopia
all_ACH21-DO023_S148,ACH21-DO023_S148,ACH21-DO023,Dasenech,Ethiopia
all_ACH21-DO151_S165,ACH21-DO151_S165,ACH21-DO151,Dasenech,Ethiopia
all_ACH21-DO152_S166,ACH21-DO152_S166,ACH21-DO152,Dasenech,Ethiopia
all_ACH21-DO154_S167,ACH21-DO154_S167,ACH21-DO154,Dasenech,Ethiopia
all_ACH21-DO156_S168,ACH21-DO156_S168,ACH21-DO156,Dasenech,Ethiopia
all_ACH21-DO165_S169,ACH21-DO165_S169,ACH21-DO165,Dasenech,Ethiopia
all_ACH21-FM011_S93,ACH21-FM011_S93,ACH21-FM011,Fentale,Ethiopia
all_ACH21-FM012_S104,ACH21-FM012_S104,ACH21-FM012,Fentale,Ethiopia
all_ACH21-FM014_S115,ACH21-FM014_S115,ACH21-FM014,Fentale,Ethiopia
all_ACH21-FM015_S126,ACH21-FM015_S126,ACH21-FM015,Fentale,Ethiopia
all_ACH21-FM023_S138,ACH21-FM023_S138,ACH21-FM023,Fentale,Ethiopia
all_ACH21-FM024_S58,ACH21-FM024_S58,ACH21-FM024,Fentale,Ethiopia
all_ACH21-FM025_S119,ACH21-FM025_S119,ACH21-FM025,Fentale,Ethiopia
all_ACH21-FM026_S70,ACH21-FM026_S70,ACH21-FM026,Fentale,Ethiopia
all_ACH21-FM027_S82,ACH21-FM027_S82,ACH21-FM027,Fentale,Ethiopia
all_ACH21-FM028_S94,ACH21-FM028_S94,ACH21-FM028,Fentale,Ethiopia
all_ACH21-FM033_S116,ACH21-FM033_S116,ACH21-FM033,Fentale,Ethiopia
all_ACH21-FM034_S127,ACH21-FM034_S127,ACH21-FM034,Fentale,Ethiopia
all_ACH21-FM040_S139,ACH21-FM040_S139,ACH21-FM040,Fentale,Ethiopia
all_ACH21-FM044_S59,ACH21-FM044_S59,ACH21-FM044,Fentale,Ethiopia
all_ACH21-FM046_S71,ACH21-FM046_S71,ACH21-FM046,Fentale,Ethiopia
all_ACH21-FM049_S83,ACH21-FM049_S83,ACH21-FM049,Fentale,Ethiopia
all_ACH21-FM050_S95,ACH21-FM050_S95,ACH21-FM050,Fentale,Ethiopia
all_ACH21-FM051_S106,ACH21-FM051_S106,ACH21-FM051,Fentale,Ethiopia
all_ACH21-FM052_S117,ACH21-FM052_S117,ACH21-FM052,Fentale,Ethiopia
all_ACH21-FM054_S128,ACH21-FM054_S128,ACH21-FM054,Fentale,Ethiopia
all_ACH21-FM055_S140,ACH21-FM055_S140,ACH21-FM055,Fentale,Ethiopia
all_ACH21-FM058_S60,ACH21-FM058_S60,ACH21-FM058,Fentale,Ethiopia
all_ACH21-FM059_S72,ACH21-FM059_S72,ACH21-FM059,Fentale,Ethiopia
all_ACH21-FM060_S84,ACH21-FM060_S84,ACH21-FM060,Fentale,Ethiopia
all_ACH21-FM062_S96,ACH21-FM062_S96,ACH21-FM062,Fentale,Ethiopia
all_ACH21-FM064_S107,ACH21-FM064_S107,ACH21-FM064,Fentale,Ethiopia
all_ACH21-FM066_S118,ACH21-FM066_S118,ACH21-FM066,Fentale,Ethiopia
all_ACH21-FM069_S129,ACH21-FM069_S129,ACH21-FM069,Fentale,Ethiopia
all_ACH21-FM070_S141,ACH21-FM070_S141,ACH21-FM070,Fentale,Ethiopia
all_ACH21-FM071_S61,ACH21-FM071_S61,ACH21-FM071,Fentale,Ethiopia
all_ACH21-FM074_S73,ACH21-FM074_S73,ACH21-FM074,Fentale,Ethiopia
all_ACH21-FM079_S85,ACH21-FM079_S85,ACH21-FM079,Fentale,Ethiopia
all_ACH21-FM080_S97,ACH21-FM080_S97,ACH21-FM080,Fentale,Ethiopia
all_ACH21-FM081_S108,ACH21-FM081_S108,ACH21-FM081,Fentale,Ethiopia
all_ACH21-FM083_S130,ACH21-FM083_S130,ACH21-FM083,Fentale,Ethiopia
all_ACH21-FM086_S142,ACH21-FM086_S142,ACH21-FM086,Fentale,Ethiopia
all_ACH21-FM088_S62,ACH21-FM088_S62,ACH21-FM088,Fentale,Ethiopia
all_ACH21-FM089_S74,ACH21-FM089_S74,ACH21-FM089,Fentale,Ethiopia
all_ACH21-FM092_S86,ACH21-FM092_S86,ACH21-FM092,Fentale,Ethiopia
all_ACH21-FM094_S98,ACH21-FM094_S98,ACH21-FM094,Fentale,Ethiopia
all_ACH21-FM095_S109,ACH21-FM095_S109,ACH21-FM095,Fentale,Ethiopia
all_ACH21-FM096_S120,ACH21-FM096_S120,ACH21-FM096,Fentale,Ethiopia
all_ACH21-FM097_S131,ACH21-FM097_S131,ACH21-FM097,Fentale,Ethiopia
all_ACH21-FM098_S143,ACH21-FM098_S143,ACH21-FM098,Fentale,Ethiopia
all_ACH21-GA008_S64,ACH21-GA008_S64,ACH21-GA008,Gambella,Ethiopia
all_ACH21-GA009_S76,ACH21-GA009_S76,ACH21-GA009,Gambella,Ethiopia
all_ACH21-GA013_S88,ACH21-GA013_S88,ACH21-GA013,Gambella,Ethiopia
all_ACH21-GA019_S100,ACH21-GA019_S100,ACH21-GA019,Gambella,Ethiopia
all_ACH21-GA022_S111,ACH21-GA022_S111,ACH21-GA022,Gambella,Ethiopia
all_ACH21-GA024_S122,ACH21-GA024_S122,ACH21-GA024,Gambella,Ethiopia
all_ACH21-GA026_S133,ACH21-GA026_S133,ACH21-GA026,Gambella,Ethiopia
all_ACH21-GA027_S145,ACH21-GA027_S145,ACH21-GA027,Gambella,Ethiopia
all_ACH21-GA028_S65,ACH21-GA028_S65,ACH21-GA028,Gambella,Ethiopia
all_ACH21-GA029_S77,ACH21-GA029_S77,ACH21-GA029,Gambella,Ethiopia
all_ACH21-GA030_S89,ACH21-GA030_S89,ACH21-GA030,Gambella,Ethiopia
all_ACH21-GA034_S101,ACH21-GA034_S101,ACH21-GA034,Gambella,Ethiopia
all_ACH21-GA036_S112,ACH21-GA036_S112,ACH21-GA036,Gambella,Ethiopia
all_ACH21-GB004_S123,ACH21-GB004_S123,ACH21-GB004,Gambella,Ethiopia
all_ACH21-GB022_S134,ACH21-GB022_S134,ACH21-GB022,Gambella,Ethiopia
all_ACH21-GB025_S146,ACH21-GB025_S146,ACH21-GB025,Gambella,Ethiopia
all_ACH21-GB061_S66,ACH21-GB061_S66,ACH21-GB061,Gambella,Ethiopia
all_ACH21-GB069_S78,ACH21-GB069_S78,ACH21-GB069,Gambella,Ethiopia
all_ACH21-GB073_S90,ACH21-GB073_S90,ACH21-GB073,Gambella,Ethiopia
all_ACH21-GB089_S102,ACH21-GB089_S102,ACH21-GB089,Gambella,Ethiopia
all_ACH21-GB090_S113,ACH21-GB090_S113,ACH21-GB090,Gambella,Ethiopia
all_ACH21-GB094_S124,ACH21-GB094_S124,ACH21-GB094,Gambella,Ethiopia
all_ACH21-GB100_S135,ACH21-GB100_S135,ACH21-GB100,Gambella,Ethiopia
all_ACH21-GB116_S147,ACH21-GB116_S147,ACH21-GB116,Gambella,Ethiopia
all_ACH21-GB120_S67,ACH21-GB120_S67,ACH21-GB120,Gambella,Ethiopia
all_ACH21-GU001_S76,ACH21-GU001_S76,ACH21-GU001,Guba,Ethiopia
all_ACH21-GU003_S77,ACH21-GU003_S77,ACH21-GU003,Guba,Ethiopia
all_ACH21-GU004_S78,ACH21-GU004_S78,ACH21-GU004,Guba,Ethiopia
all_ACH21-GU006_S32,ACH21-GU006_S32,ACH21-GU006,Guba,Ethiopia
all_ACH21-GU007_S33,ACH21-GU007_S33,ACH21-GU007,Guba,Ethiopia
all_ACH21-GU008_S34,ACH21-GU008_S34,ACH21-GU008,Guba,Ethiopia
all_ACH21-GU010_S35,ACH21-GU010_S35,ACH21-GU010,Guba,Ethiopia
all_ACH21-GU011_S36,ACH21-GU011_S36,ACH21-GU011,Guba,Ethiopia
all_ACH21-GU014_S38,ACH21-GU014_S38,ACH21-GU014,Guba,Ethiopia
all_ACH21-GU016_S40,ACH21-GU016_S40,ACH21-GU016,Guba,Ethiopia
all_ACH21-GU017_S41,ACH21-GU017_S41,ACH21-GU017,Guba,Ethiopia
all_ACH21-GU018_S42,ACH21-GU018_S42,ACH21-GU018,Guba,Ethiopia
all_ACH21-GU019_S43,ACH21-GU019_S43,ACH21-GU019,Guba,Ethiopia
all_ACH21-GU020_S44,ACH21-GU020_S44,ACH21-GU020,Guba,Ethiopia
all_ACH21-GU202_S45,ACH21-GU202_S45,ACH21-GU202,Guba,Ethiopia
all_ACH21-GU203_S46,ACH21-GU203_S46,ACH21-GU203,Guba,Ethiopia
all_ACH21-GU204_S37,ACH21-GU204_S37,ACH21-GU204,Guba,Ethiopia
all_ACH21-GU206_S48,ACH21-GU206_S48,ACH21-GU206,Guba,Ethiopia
all_ACH21-GU207_S49,ACH21-GU207_S49,ACH21-GU207,Guba,Ethiopia
all_ACH21-GU209_S50,ACH21-GU209_S50,ACH21-GU209,Guba,Ethiopia
all_ACH21-GU210_S51,ACH21-GU210_S51,ACH21-GU210,Guba,Ethiopia
all_ACH21-GU213_S52,ACH21-GU213_S52,ACH21-GU213,Guba,Ethiopia
all_ACH21-GU214_S53,ACH21-GU214_S53,ACH21-GU214,Guba,Ethiopia
all_ACH21-GU215_S54,ACH21-GU215_S54,ACH21-GU215,Guba,Ethiopia
all_ACH21-GU216_S55,ACH21-GU216_S55,ACH21-GU216,Guba,Ethiopia
all_ACH21-GU218_S56,ACH21-GU218_S56,ACH21-GU218,Guba,Ethiopia
all_ACH21-GU219_S57,ACH21-GU219_S57,ACH21-GU219,Guba,Ethiopia
all_ACH21-GU222_S58,ACH21-GU222_S58,ACH21-GU222,Guba,Ethiopia
all_ACH21-GU223_S60,ACH21-GU223_S60,ACH21-GU223,Guba,Ethiopia
all_ACH21-GU225_S61,ACH21-GU225_S61,ACH21-GU225,Guba,Ethiopia
all_ACH21-GU227_S62,ACH21-GU227_S62,ACH21-GU227,Guba,Ethiopia
all_ACH21-GU228_S63,ACH21-GU228_S63,ACH21-GU228,Guba,Ethiopia
all_ACH21-GU233_S65,ACH21-GU233_S65,ACH21-GU233,Guba,Ethiopia
all_ACH21-HH001_S46,ACH21-HH001_S46,ACH21-HH001,K.Humera,Ethiopia
all_ACH21-HH002_S47,ACH21-HH002_S47,ACH21-HH002,K.Humera,Ethiopia
all_ACH21-HH003_S48,ACH21-HH003_S48,ACH21-HH003,K.Humera,Ethiopia
all_ACH21-HH004_S49,ACH21-HH004_S49,ACH21-HH004,K.Humera,Ethiopia
all_ACH21-HH005_S50,ACH21-HH005_S50,ACH21-HH005,K.Humera,Ethiopia
all_ACH21-HH006_S51,ACH21-HH006_S51,ACH21-HH006,K.Humera,Ethiopia
all_ACH21-HH007_S52,ACH21-HH007_S52,ACH21-HH007,K.Humera,Ethiopia
all_ACH21-HH008_S53,ACH21-HH008_S53,ACH21-HH008,K.Humera,Ethiopia
all_ACH21-HH009_S54,ACH21-HH009_S54,ACH21-HH009,K.Humera,Ethiopia
all_ACH21-HH011_S55,ACH21-HH011_S55,ACH21-HH011,K.Humera,Ethiopia
all_ACH21-HH012_S57,ACH21-HH012_S57,ACH21-HH012,K.Humera,Ethiopia
all_ACH21-HH013_S58,ACH21-HH013_S58,ACH21-HH013,K.Humera,Ethiopia
all_ACH21-HH015_S61,ACH21-HH015_S61,ACH21-HH015,K.Humera,Ethiopia
all_ACH21-HH016_S62,ACH21-HH016_S62,ACH21-HH016,K.Humera,Ethiopia
all_ACH21-HH017_S63,ACH21-HH017_S63,ACH21-HH017,K.Humera,Ethiopia
all_ACH21-HH018_S64,ACH21-HH018_S64,ACH21-HH018,K.Humera,Ethiopia
all_ACH21-HH019_S65,ACH21-HH019_S65,ACH21-HH019,K.Humera,Ethiopia
all_ACH21-HH020_S66,ACH21-HH020_S66,ACH21-HH020,K.Humera,Ethiopia
all_ACH21-HH021_S67,ACH21-HH021_S67,ACH21-HH021,K.Humera,Ethiopia
all_ACH21-HH022_S68,ACH21-HH022_S68,ACH21-HH022,K.Humera,Ethiopia
all_ACH21-HH023_S69,ACH21-HH023_S69,ACH21-HH023,K.Humera,Ethiopia
all_ACH21-HH024_S72,ACH21-HH024_S72,ACH21-HH024,K.Humera,Ethiopia
all_ACH21-HH025_S73,ACH21-HH025_S73,ACH21-HH025,K.Humera,Ethiopia
all_ACH21-HH026_S74,ACH21-HH026_S74,ACH21-HH026,K.Humera,Ethiopia
all_ACH21-HH027_S75,ACH21-HH027_S75,ACH21-HH027,K.Humera,Ethiopia
all_ACH21-HH028_S76,ACH21-HH028_S76,ACH21-HH028,K.Humera,Ethiopia
all_ACH21-HH029_S79,ACH21-HH029_S79,ACH21-HH029,K.Humera,Ethiopia
all_ACH21-HH030_S80,ACH21-HH030_S80,ACH21-HH030,K.Humera,Ethiopia
all_ACH21-HH031_S81,ACH21-HH031_S81,ACH21-HH031,K.Humera,Ethiopia
all_ACH21-HH033_S82,ACH21-HH033_S82,ACH21-HH033,K.Humera,Ethiopia
all_ACH21-HH034_S83,ACH21-HH034_S83,ACH21-HH034,K.Humera,Ethiopia
all_ACH21-HH035_S84,ACH21-HH035_S84,ACH21-HH035,K.Humera,Ethiopia
all_ACH21-HH036_S85,ACH21-HH036_S85,ACH21-HH036,K.Humera,Ethiopia
all_ACH21-HH037_S87,ACH21-HH037_S87,ACH21-HH037,K.Humera,Ethiopia
all_ACH21-HH038_S88,ACH21-HH038_S88,ACH21-HH038,K.Humera,Ethiopia
all_ACH21-HH039_S89,ACH21-HH039_S89,ACH21-HH039,K.Humera,Ethiopia
all_ACH21-HH040_S90,ACH21-HH040_S90,ACH21-HH040,K.Humera,Ethiopia
all_ACH21-HH041_S91,ACH21-HH041_S91,ACH21-HH041,K.Humera,Ethiopia
all_ACH21-HH042_S92,ACH21-HH042_S92,ACH21-HH042,K.Humera,Ethiopia
all_ACH21-HH043_S93,ACH21-HH043_S93,ACH21-HH043,K.Humera,Ethiopia
all_ACH21-HH044_S95,ACH21-HH044_S95,ACH21-HH044,K.Humera,Ethiopia
all_ACH21-HH046_S96,ACH21-HH046_S96,ACH21-HH046,K.Humera,Ethiopia
all_ACH21-MA005_S137,ACH21-MA005_S137,ACH21-MA005,Mizan,Ethiopia
all_ACH21-MA010_S138,ACH21-MA010_S138,ACH21-MA010,Mizan,Ethiopia
all_ACH21-MA011_S139,ACH21-MA011_S139,ACH21-MA011,Mizan,Ethiopia
all_ACH21-MA011_S21,ACH21-MA011_S21,ACH21-MA011,Mizan,Ethiopia
all_ACH21-MA012_S140,ACH21-MA012_S140,ACH21-MA012,Mizan,Ethiopia
all_ACH21-MA015_S141,ACH21-MA015_S141,ACH21-MA015,Mizan,Ethiopia
all_ACH21-MA017_S1,ACH21-MA017_S1,ACH21-MA017,Mizan,Ethiopia
all_ACH21-MA019_S2,ACH21-MA019_S2,ACH21-MA019,Mizan,Ethiopia
all_ACH21-MA020_S22,ACH21-MA020_S22,ACH21-MA020,Mizan,Ethiopia
all_ACH21-MA023_S3,ACH21-MA023_S3,ACH21-MA023,Mizan,Ethiopia
all_ACH21-MA026_S4,ACH21-MA026_S4,ACH21-MA026,Mizan,Ethiopia
all_ACH21-MA027_S25,ACH21-MA027_S25,ACH21-MA027,Mizan,Ethiopia
all_ACH21-MA030_S5,ACH21-MA030_S5,ACH21-MA030,Mizan,Ethiopia
all_ACH21-MA031_S6,ACH21-MA031_S6,ACH21-MA031,Mizan,Ethiopia
all_ACH21-MA032_S26,ACH21-MA032_S26,ACH21-MA032,Mizan,Ethiopia
all_ACH21-MA033_S7,ACH21-MA033_S7,ACH21-MA033,Mizan,Ethiopia
all_ACH21-MA036_S27,ACH21-MA036_S27,ACH21-MA036,Mizan,Ethiopia
all_ACH21-MA039_S28,ACH21-MA039_S28,ACH21-MA039,Mizan,Ethiopia
all_ACH21-MA040_S29,ACH21-MA040_S29,ACH21-MA040,Mizan,Ethiopia
all_ACH21-MK020_S27,ACH21-MK020_S27,ACH21-MK020,Metema,Ethiopia
all_ACH21-MK028_S28,ACH21-MK028_S28,ACH21-MK028,Metema,Ethiopia
all_ACH21-MK031_S29,ACH21-MK031_S29,ACH21-MK031,Metema,Ethiopia
all_ACH21-MK032_S30,ACH21-MK032_S30,ACH21-MK032,Metema,Ethiopia
all_ACH21-MK037_S31,ACH21-MK037_S31,ACH21-MK037,Metema,Ethiopia
all_ACH21-MK038_S32,ACH21-MK038_S32,ACH21-MK038,Metema,Ethiopia
all_ACH21-MK054_S33,ACH21-MK054_S33,ACH21-MK054,Metema,Ethiopia
all_ACH21-MK055_S34,ACH21-MK055_S34,ACH21-MK055,Metema,Ethiopia
all_ACH21-MK057_S35,ACH21-MK057_S35,ACH21-MK057,Metema,Ethiopia
all_ACH21-MK061_S36,ACH21-MK061_S36,ACH21-MK061,Metema,Ethiopia
all_ACH21-MK076_S37,ACH21-MK076_S37,ACH21-MK076,Metema,Ethiopia
all_ACH21-MK080_S38,ACH21-MK080_S38,ACH21-MK080,Metema,Ethiopia
all_ACH21-MK085_S39,ACH21-MK085_S39,ACH21-MK085,Metema,Ethiopia
all_ACH21-MK089_S40,ACH21-MK089_S40,ACH21-MK089,Metema,Ethiopia
all_ACH21-MK101_S41,ACH21-MK101_S41,ACH21-MK101,Metema,Ethiopia
all_ACH21-MK102_S42,ACH21-MK102_S42,ACH21-MK102,Metema,Ethiopia
all_ACH21-MK103_S43,ACH21-MK103_S43,ACH21-MK103,Metema,Ethiopia
all_ACH21-MK105_S44,ACH21-MK105_S44,ACH21-MK105,Metema,Ethiopia
all_ACH21-MK118_S45,ACH21-MK118_S45,ACH21-MK118,Metema,Ethiopia
all_ACH21-MM001_S124,ACH21-MM001_S124,ACH21-MM001,Mizan,Ethiopia
all_ACH21-MM002_S125,ACH21-MM002_S125,ACH21-MM002,Mizan,Ethiopia
all_ACH21-MM004_S126,ACH21-MM004_S126,ACH21-MM004,Mizan,Ethiopia
all_ACH21-MM005_S127,ACH21-MM005_S127,ACH21-MM005,Mizan,Ethiopia
all_ACH21-MM009_S128,ACH21-MM009_S128,ACH21-MM009,Mizan,Ethiopia
all_ACH21-MM010_S129,ACH21-MM010_S129,ACH21-MM010,Mizan,Ethiopia
all_ACH21-MM012_S130,ACH21-MM012_S130,ACH21-MM012,Mizan,Ethiopia
all_ACH21-MM014_S131,ACH21-MM014_S131,ACH21-MM014,Mizan,Ethiopia
all_ACH21-MM015_S132,ACH21-MM015_S132,ACH21-MM015,Mizan,Ethiopia
all_ACH21-MM016_S133,ACH21-MM016_S133,ACH21-MM016,Mizan,Ethiopia
all_ACH21-MM017_S134,ACH21-MM017_S134,ACH21-MM017,Mizan,Ethiopia
all_ACH21-MM018_S135,ACH21-MM018_S135,ACH21-MM018,Mizan,Ethiopia
all_ACH21-MM021_S136,ACH21-MM021_S136,ACH21-MM021,Mizan,Ethiopia
all_ACH21-MM033_S8,ACH21-MM033_S8,ACH21-MM033,Mizan,Ethiopia
all_ACH21-MM034_S10,ACH21-MM034_S10,ACH21-MM034,Mizan,Ethiopia
all_ACH21-MM036_S11,ACH21-MM036_S11,ACH21-MM036,Mizan,Ethiopia
all_ACH21-MM037_S13,ACH21-MM037_S13,ACH21-MM037,Mizan,Ethiopia
all_ACH21-MM038_S14,ACH21-MM038_S14,ACH21-MM038,Mizan,Ethiopia
all_ACH21-MM039_S15,ACH21-MM039_S15,ACH21-MM039,Mizan,Ethiopia
all_ACH21-MM040_S16,ACH21-MM040_S16,ACH21-MM040,Mizan,Ethiopia
all_ACH21-MM041_S17,ACH21-MM041_S17,ACH21-MM041,Mizan,Ethiopia
all_ACH21-MM042_S18,ACH21-MM042_S18,ACH21-MM042,Mizan,Ethiopia
all_ACH21-MM043_S19,ACH21-MM043_S19,ACH21-MM043,Mizan,Ethiopia
all_ACH21-MM044_S20,ACH21-MM044_S20,ACH21-MM044,Mizan,Ethiopia
all_ACH21-MY281_S18,ACH21-MY281_S18,ACH21-MY281,Metema,Ethiopia
all_ACH21-MY282_S19,ACH21-MY282_S19,ACH21-MY282,Metema,Ethiopia
all_ACH21-MY288_S20,ACH21-MY288_S20,ACH21-MY288,Metema,Ethiopia
all_ACH21-MY290_S21,ACH21-MY290_S21,ACH21-MY290,Metema,Ethiopia
all_ACH21-MY291_S22,ACH21-MY291_S22,ACH21-MY291,Metema,Ethiopia
all_ACH21-MY292_S23,ACH21-MY292_S23,ACH21-MY292,Metema,Ethiopia
all_ACH21-MY293_S24,ACH21-MY293_S24,ACH21-MY293,Metema,Ethiopia
all_ACH21-MY296_S25,ACH21-MY296_S25,ACH21-MY296,Metema,Ethiopia
all_ACH21-MY297_S26,ACH21-MY297_S26,ACH21-MY297,Metema,Ethiopia
all_ACH21-PF001_S115,ACH21-PF001_S115,ACH21-PF001,Pawe,Ethiopia
all_ACH21-PF003_S119,ACH21-PF003_S119,ACH21-PF003,Pawe,Ethiopia
all_ACH21-PF005_S120,ACH21-PF005_S120,ACH21-PF005,Pawe,Ethiopia
all_ACH21-PF006_S121,ACH21-PF006_S121,ACH21-PF006,Pawe,Ethiopia
all_ACH21-PF008_S122,ACH21-PF008_S122,ACH21-PF008,Pawe,Ethiopia
all_ACH21-PF010_S123,ACH21-PF010_S123,ACH21-PF010,Pawe,Ethiopia
all_ACH21-PF011_S126,ACH21-PF011_S126,ACH21-PF011,Pawe,Ethiopia
all_ACH21-PM007_S127,ACH21-PM007_S127,ACH21-PM007,Pawe,Ethiopia
all_ACH21-PM017_S128,ACH21-PM017_S128,ACH21-PM017,Pawe,Ethiopia
all_ACH21-SH003_S123,ACH21-SH003_S123,ACH21-SH003,Salamago,Ethiopia
all_ACH21-SH031_S146,ACH21-SH031_S146,ACH21-SH031,Salamago,Ethiopia
all_ACH21-SH044_S168,ACH21-SH044_S168,ACH21-SH044,Salamago,Ethiopia
all_ACH21-SH047_S100,ACH21-SH047_S100,ACH21-SH047,Salamago,Ethiopia
all_ACH21-SH072_S147,ACH21-SH072_S147,ACH21-SH072,Salamago,Ethiopia
all_ACH21-SH102_S158,ACH21-SH102_S158,ACH21-SH102,Salamago,Ethiopia
all_ACH21-SH103_S169,ACH21-SH103_S169,ACH21-SH103,Salamago,Ethiopia
all_ACH21-SH120_S181,ACH21-SH120_S181,ACH21-SH120,Salamago,Ethiopia
all_ACH21-SH122_S115,ACH21-SH122_S115,ACH21-SH122,Salamago,Ethiopia
all_ACH21-SH132_S125,ACH21-SH132_S125,ACH21-SH132,Salamago,Ethiopia
all_ACH21-SH137_S137,ACH21-SH137_S137,ACH21-SH137,Salamago,Ethiopia
all_ACH21-SH142_S148,ACH21-SH142_S148,ACH21-SH142,Salamago,Ethiopia
all_ACH21-SH155_S159,ACH21-SH155_S159,ACH21-SH155,Salamago,Ethiopia
all_ACH21-SH156_S170,ACH21-SH156_S170,ACH21-SH156,Salamago,Ethiopia
all_ACH21-SH160_S182,ACH21-SH160_S182,ACH21-SH160,Salamago,Ethiopia
all_ACH21-SH169_S102,ACH21-SH169_S102,ACH21-SH169,Salamago,Ethiopia
all_ACH21-SH185_S114,ACH21-SH185_S114,ACH21-SH185,Salamago,Ethiopia
all_ACH21-SH235_S126,ACH21-SH235_S126,ACH21-SH235,Salamago,Ethiopia
all_ACH21-SH237_S138,ACH21-SH237_S138,ACH21-SH237,Salamago,Ethiopia
all_ACH21-SH238_S149,ACH21-SH238_S149,ACH21-SH238,Salamago,Ethiopia
all_ACH21-SH241_S160,ACH21-SH241_S160,ACH21-SH241,Salamago,Ethiopia
all_ACH21-SH250_S171,ACH21-SH250_S171,ACH21-SH250,Salamago,Ethiopia
all_ACH21-SH257_S183,ACH21-SH257_S183,ACH21-SH257,Salamago,Ethiopia
all_ACH21-SH260_S103,ACH21-SH260_S103,ACH21-SH260,Salamago,Ethiopia
all_ACH21-SH264_S101,ACH21-SH264_S101,ACH21-SH264,Salamago,Ethiopia
all_ACH21-SH273_S127,ACH21-SH273_S127,ACH21-SH273,Salamago,Ethiopia
all_ACH21-SH285_S139,ACH21-SH285_S139,ACH21-SH285,Salamago,Ethiopia
all_ACH21-SH287_S150,ACH21-SH287_S150,ACH21-SH287,Salamago,Ethiopia
all_ACH21-SH295_S161,ACH21-SH295_S161,ACH21-SH295,Salamago,Ethiopia
all_ACH21-SK002_S172,ACH21-SK002_S172,ACH21-SK002,Salamago,Ethiopia
all_ACH21-SK065_S112,ACH21-SK065_S112,ACH21-SK065,Salamago,Ethiopia
all_ACH21-SK070_S136,ACH21-SK070_S136,ACH21-SK070,Salamago,Ethiopia
all_ACH22-EE003_S119,ACH22-EE003_S119,ACH22-EE003,Gambella,Ethiopia
all_ACH22-EE005_S121,ACH22-EE005_S121,ACH22-EE005,Gambella,Ethiopia
all_ACH22-EE008_S122,ACH22-EE008_S122,ACH22-EE008,Gambella,Ethiopia
all_ACH22-EE009_S123,ACH22-EE009_S123,ACH22-EE009,Gambella,Ethiopia
all_ACH22-GA003_S107,ACH22-GA003_S107,ACH22-GA003,Gambella,Ethiopia
all_ACH22-GA005_S108,ACH22-GA005_S108,ACH22-GA005,Gambella,Ethiopia
all_ACH22-GA008_S109,ACH22-GA008_S109,ACH22-GA008,Gambella,Ethiopia
all_ACH22-GA010_S110,ACH22-GA010_S110,ACH22-GA010,Gambella,Ethiopia
all_ACH22-GA015_S113,ACH22-GA015_S113,ACH22-GA015,Gambella,Ethiopia
all_ACH22-GA016_S114,ACH22-GA016_S114,ACH22-GA016,Gambella,Ethiopia
all_ACH22-GA017_S115,ACH22-GA017_S115,ACH22-GA017,Gambella,Ethiopia
all_ACH22-GA018_S116,ACH22-GA018_S116,ACH22-GA018,Gambella,Ethiopia
all_ACH22-GA019_S117,ACH22-GA019_S117,ACH22-GA019,Gambella,Ethiopia
all_ACH22-GA020_S118,ACH22-GA020_S118,ACH22-GA020,Gambella,Ethiopia
all_ACH22-GB005_S97,ACH22-GB005_S97,ACH22-GB005,Gambella,Ethiopia
all_ACH22-GB006_S98,ACH22-GB006_S98,ACH22-GB006,Gambella,Ethiopia
all_ACH22-GB007_S99,ACH22-GB007_S99,ACH22-GB007,Gambella,Ethiopia
all_ACH22-GB008_S100,ACH22-GB008_S100,ACH22-GB008,Gambella,Ethiopia
all_ACH22-GB014_S102,ACH22-GB014_S102,ACH22-GB014,Gambella,Ethiopia
all_ACH22-GB016_S103,ACH22-GB016_S103,ACH22-GB016,Gambella,Ethiopia
all_ACH22-GB020_S105,ACH22-GB020_S105,ACH22-GB020,Gambella,Ethiopia
all_ACH22-GD001_S101,ACH22-GD001_S101,ACH22-GD001,Gambella,Ethiopia
all_ACH22-GD003_S104,ACH22-GD003_S104,ACH22-GD003,Gambella,Ethiopia
all_ACH22-GD005_S112,ACH22-GD005_S112,ACH22-GD005,Gambella,Ethiopia
all_ACH22-GD007_S120,ACH22-GD007_S120,ACH22-GD007,Gambella,Ethiopia
all_ACH22-GU004_S68,ACH22-GU004_S68,ACH22-GU004,Guba,Ethiopia
all_ACH22-GU005_S69,ACH22-GU005_S69,ACH22-GU005,Guba,Ethiopia
all_ACH22-GU006_S70,ACH22-GU006_S70,ACH22-GU006,Guba,Ethiopia
all_ACH22-GU007_S71,ACH22-GU007_S71,ACH22-GU007,Guba,Ethiopia
all_ACH22-GU010_S72,ACH22-GU010_S72,ACH22-GU010,Guba,Ethiopia
all_ACH22-GU011_S73,ACH22-GU011_S73,ACH22-GU011,Guba,Ethiopia
all_ACH22-GU013_S74,ACH22-GU013_S74,ACH22-GU013,Guba,Ethiopia
all_ACH22-GU014_S75,ACH22-GU014_S75,ACH22-GU014,Guba,Ethiopia
all_ACH22-GU015_S66,ACH22-GU015_S66,ACH22-GU015,Guba,Ethiopia
all_ACH22-GU019_S67,ACH22-GU019_S67,ACH22-GU019,Guba,Ethiopia
all_ACH22-MK001_S1,ACH22-MK001_S1,ACH22-MK001,Metema,Ethiopia
all_ACH22-MK003_S2,ACH22-MK003_S2,ACH22-MK003,Metema,Ethiopia
all_ACH22-MK005_S3,ACH22-MK005_S3,ACH22-MK005,Metema,Ethiopia
all_ACH22-MK007_S4,ACH22-MK007_S4,ACH22-MK007,Metema,Ethiopia
all_ACH22-MK008_S5,ACH22-MK008_S5,ACH22-MK008,Metema,Ethiopia
all_ACH22-MK010_S6,ACH22-MK010_S6,ACH22-MK010,Metema,Ethiopia
all_ACH22-MK018_S7,ACH22-MK018_S7,ACH22-MK018,Metema,Ethiopia
all_ACH22-MK020_S8,ACH22-MK020_S8,ACH22-MK020,Metema,Ethiopia
all_ACH22-MY004_S9,ACH22-MY004_S9,ACH22-MY004,Metema,Ethiopia
all_ACH22-MY006_S10,ACH22-MY006_S10,ACH22-MY006,Metema,Ethiopia
all_ACH22-MY007_S11,ACH22-MY007_S11,ACH22-MY007,Metema,Ethiopia
all_ACH22-MY011_S13,ACH22-MY011_S13,ACH22-MY011,Metema,Ethiopia
all_ACH22-MY015_S14,ACH22-MY015_S14,ACH22-MY015,Metema,Ethiopia
all_ACH22-MY019_S15,ACH22-MY019_S15,ACH22-MY019,Metema,Ethiopia
all_ACH22-MY020_S16,ACH22-MY020_S16,ACH22-MY020,Metema,Ethiopia
all_ACH22-PF002_S79,ACH22-PF002_S79,ACH22-PF002,Pawe,Ethiopia
all_ACH22-PF003_S80,ACH22-PF003_S80,ACH22-PF003,Pawe,Ethiopia
all_ACH22-PF004_S81,ACH22-PF004_S81,ACH22-PF004,Pawe,Ethiopia
all_ACH22-PF005_S82,ACH22-PF005_S82,ACH22-PF005,Pawe,Ethiopia
all_ACH22-PF008_S83,ACH22-PF008_S83,ACH22-PF008,Pawe,Ethiopia
all_ACH22-PF009_S84,ACH22-PF009_S84,ACH22-PF009,Pawe,Ethiopia
all_ACH22-PF011_S85,ACH22-PF011_S85,ACH22-PF011,Pawe,Ethiopia
all_ACH22-PF012_S86,ACH22-PF012_S86,ACH22-PF012,Pawe,Ethiopia
all_ACH22-PF016_S87,ACH22-PF016_S87,ACH22-PF016,Pawe,Ethiopia
all_ACH22-PF017_S88,ACH22-PF017_S88,ACH22-PF017,Pawe,Ethiopia
all_ACH22-PF018_S89,ACH22-PF018_S89,ACH22-PF018,Pawe,Ethiopia
all_ACH22-PF019_S90,ACH22-PF019_S90,ACH22-PF019,Pawe,Ethiopia
all_ACH22-PK001_S91,ACH22-PK001_S91,ACH22-PK001,Pawe,Ethiopia
all_ACH22-PK003_S92,ACH22-PK003_S92,ACH22-PK003,Pawe,Ethiopia
all_ACH22-PK004_S93,ACH22-PK004_S93,ACH22-PK004,Pawe,Ethiopia
all_ACH22-PK005_S94,ACH22-PK005_S94,ACH22-PK005,Pawe,Ethiopia
all_ACH22-PK006_S95,ACH22-PK006_S95,ACH22-PK006,Pawe,Ethiopia
all_ACH22-PK007_S96,ACH22-PK007_S96,ACH22-PK007,Pawe,Ethiopia
all_ACH22-PK008_S97,ACH22-PK008_S97,ACH22-PK008,Pawe,Ethiopia
all_ACH22-PK010_S98,ACH22-PK010_S98,ACH22-PK010,Pawe,Ethiopia
all_ACH22-PK011_S99,ACH22-PK011_S99,ACH22-PK011,Pawe,Ethiopia
all_ACH22-PK012_S100,ACH22-PK012_S100,ACH22-PK012,Pawe,Ethiopia
all_ACH22-PK013_S101,ACH22-PK013_S101,ACH22-PK013,Pawe,Ethiopia
all_ACH22-PK015_S102,ACH22-PK015_S102,ACH22-PK015,Pawe,Ethiopia
all_ACH22-PK016_S104,ACH22-PK016_S104,ACH22-PK016,Pawe,Ethiopia
all_ACH22-PK017_S105,ACH22-PK017_S105,ACH22-PK017,Pawe,Ethiopia
all_ACH22-PK019_S108,ACH22-PK019_S108,ACH22-PK019,Pawe,Ethiopia
all_ACH22-PK020_S109,ACH22-PK020_S109,ACH22-PK020,Pawe,Ethiopia
all_ACH22-PK021_S110,ACH22-PK021_S110,ACH22-PK021,Pawe,Ethiopia
all_ACH22-PM003_S111,ACH22-PM003_S111,ACH22-PM003,Pawe,Ethiopia
all_ACH22-PM005_S112,ACH22-PM005_S112,ACH22-PM005,Pawe,Ethiopia
all_ACH22-PM009_S114,ACH22-PM009_S114,ACH22-PM009,Pawe,Ethiopia
all_GMTP001_S185,GMTP001_S185,GMTP001,Gondar,Ethiopia
all_GMTP002_S197,GMTP002_S197,GMTP002,Gondar,Ethiopia
all_GMTP003_S209,GMTP003_S209,GMTP003,Gondar,Ethiopia
all_GMTP004_S1,GMTP004_S1,GMTP004,Gondar,Ethiopia
all_GMTP005_S12,GMTP005_S12,GMTP005,Gondar,Ethiopia
all_GMTP006_S23,GMTP006_S23,GMTP006,Gondar,Ethiopia
all_GMTP007_S34,GMTP007_S34,GMTP007,Gondar,Ethiopia
all_GMTP008_S46,GMTP008_S46,GMTP008,Gondar,Ethiopia
all_GMTP009_S186,GMTP009_S186,GMTP009,Gondar,Ethiopia
all_GMTP011_S198,GMTP011_S198,GMTP011,Gondar,Ethiopia
all_GMTP013_S210,GMTP013_S210,GMTP013,Gondar,Ethiopia
all_GMTP015_S2,GMTP015_S2,GMTP015,Gondar,Ethiopia
all_GMTP016_S13,GMTP016_S13,GMTP016,Gondar,Ethiopia
all_GMTP017_S24,GMTP017_S24,GMTP017,Gondar,Ethiopia
all_GMTP018_S35,GMTP018_S35,GMTP018,Gondar,Ethiopia
all_GMTP020_S187,GMTP020_S187,GMTP020,Gondar,Ethiopia
all_GMTP021_S199,GMTP021_S199,GMTP021,Gondar,Ethiopia
all_GMTP022_S211,GMTP022_S211,GMTP022,Gondar,Ethiopia
all_GMTP024_S3,GMTP024_S3,GMTP024,Gondar,Ethiopia
all_GMTP025_S14,GMTP025_S14,GMTP025,Gondar,Ethiopia
all_GMTP026_S25,GMTP026_S25,GMTP026,Gondar,Ethiopia
all_GMTP027_S36,GMTP027_S36,GMTP027,Gondar,Ethiopia
all_GMTP029_S48,GMTP029_S48,GMTP029,Gondar,Ethiopia
all_GMTP030_S188,GMTP030_S188,GMTP030,Gondar,Ethiopia
all_GMTP031_S200,GMTP031_S200,GMTP031,Gondar,Ethiopia
all_GMTP032_S212,GMTP032_S212,GMTP032,Gondar,Ethiopia
all_GMTP033_S4,GMTP033_S4,GMTP033,Gondar,Ethiopia
all_GMTP034_S15,GMTP034_S15,GMTP034,Gondar,Ethiopia
all_GMTP035_S26,GMTP035_S26,GMTP035,Gondar,Ethiopia
all_GMTP037_S49,GMTP037_S49,GMTP037,Gondar,Ethiopia
all_GMTP039_S189,GMTP039_S189,GMTP039,Gondar,Ethiopia
all_GMTP040_S201,GMTP040_S201,GMTP040,Gondar,Ethiopia
all_GMTP041_S213,GMTP041_S213,GMTP041,Gondar,Ethiopia
all_GMTP042_S5,GMTP042_S5,GMTP042,Gondar,Ethiopia
all_GMTP044_S27,GMTP044_S27,GMTP044,Gondar,Ethiopia
all_GMTP045_S38,GMTP045_S38,GMTP045,Gondar,Ethiopia
all_GMTP046_S50,GMTP046_S50,GMTP046,Gondar,Ethiopia
all_GMTP047_S190,GMTP047_S190,GMTP047,Gondar,Ethiopia
all_GMTP048_S202,GMTP048_S202,GMTP048,Gondar,Ethiopia
all_GMTP049_S214,GMTP049_S214,GMTP049,Gondar,Ethiopia
all_GMTP050_S6,GMTP050_S6,GMTP050,Gondar,Ethiopia
all_GMTP051_S17,GMTP051_S17,GMTP051,Gondar,Ethiopia
all_GMTP052_S28,GMTP052_S28,GMTP052,Gondar,Ethiopia
all_GMTP053_S39,GMTP053_S39,GMTP053,Gondar,Ethiopia
all_GMTP054_S51,GMTP054_S51,GMTP054,Gondar,Ethiopia
all_GMTP055_S191,GMTP055_S191,GMTP055,Gondar,Ethiopia
all_GMTP056_S203,GMTP056_S203,GMTP056,Gondar,Ethiopia
all_TG01-001_S215,TG01-001_S215,TG01-001,T.Abergelle,Ethiopia
all_TG01-002_S7,TG01-002_S7,TG01-002,T.Abergelle,Ethiopia
all_TG01-003_S18,TG01-003_S18,TG01-003,T.Abergelle,Ethiopia
all_TG01-005_S29,TG01-005_S29,TG01-005,T.Abergelle,Ethiopia
all_TG01-008_S40,TG01-008_S40,TG01-008,T.Abergelle,Ethiopia
all_TG01-009_S52,TG01-009_S52,TG01-009,T.Abergelle,Ethiopia
all_TG01-010_S192,TG01-010_S192,TG01-010,T.Abergelle,Ethiopia
all_TG01-011_S204,TG01-011_S204,TG01-011,T.Abergelle,Ethiopia
all_TG01-012_S216,TG01-012_S216,TG01-012,T.Abergelle,Ethiopia
all_TG01-016_S8,TG01-016_S8,TG01-016,T.Abergelle,Ethiopia
all_TG01-017_S19,TG01-017_S19,TG01-017,T.Abergelle,Ethiopia
all_TG01-018_S30,TG01-018_S30,TG01-018,T.Abergelle,Ethiopia
all_TG01-019_S41,TG01-019_S41,TG01-019,T.Abergelle,Ethiopia
all_TG01-020_S53,TG01-020_S53,TG01-020,T.Abergelle,Ethiopia
all_TG01-021_S193,TG01-021_S193,TG01-021,T.Abergelle,Ethiopia
all_TG01-022_S205,TG01-022_S205,TG01-022,T.Abergelle,Ethiopia
all_TG01-023_S217,TG01-023_S217,TG01-023,T.Abergelle,Ethiopia
all_TG01-024_S9,TG01-024_S9,TG01-024,T.Abergelle,Ethiopia
all_TG01-028_S20,TG01-028_S20,TG01-028,T.Abergelle,Ethiopia