Sample_ID,Mutation,Gene
ACH21-AA003,CVIET,Pfcrt
ACH21-AA004,CVIET,Pfcrt
ACH21-AA006,CVIET,Pfcrt
ACH21-AA008,CVIET,Pfcrt
ACH21-AA010,CVIET,Pfcrt
ACH21-AA011,CVIET,Pfcrt
ACH21-AA012,CVIET,Pfcrt
ACH21-AA014,CVIET,Pfcrt
ACH21-AA018,CVIET,Pfcrt
ACH21-AA022,CVIET,Pfcrt
ACH21-AA026,CVIET,Pfcrt
ACH21-AA028,CVIET,Pfcrt
ACH21-AA029,CVIET,Pfcrt
ACH21-AA030,CVIET,Pfcrt
ACH21-AA031,CVIET,Pfcrt
ACH21-AA032,CVIET,Pfcrt
ACH21-AA033,CVIET,Pfcrt
ACH21-AA035,CVIET,Pfcrt
ACH21-AA036,CVIET,Pfcrt
ACH21-AA037,CVIET,Pfcrt
ACH21-AA039,CVIET,Pfcrt
ACH21-AA041,CVIET,Pfcrt
ACH21-AA042,CVIET,Pfcrt
ACH21-AA043,CVIET,Pfcrt
ACH21-AA044,CVIET,Pfcrt
ACH21-AA045,CVIET,Pfcrt
ACH21-AA047,CVIET,Pfcrt
ACH21-AA048,CVIET,Pfcrt
ACH21-AA049,CVIET,Pfcrt
ACH21-BB031,CVIET,Pfcrt
ACH21-BB033,CVIET,Pfcrt
ACH21-BB037,CVIET,Pfcrt
ACH21-BB039,CVIET,Pfcrt
ACH21-BB042,CVIET,Pfcrt
ACH21-BB046,CVIET,Pfcrt
ACH21-BB053,CVIET,Pfcrt
ACH21-BB057,CVIET,Pfcrt
ACH21-BB067,CVIET,Pfcrt
ACH21-BB068,CVIET,Pfcrt
ACH21-BB075,CVIET,Pfcrt
ACH21-BB077,CVIET,Pfcrt
ACH21-BB079,CVIET,Pfcrt
ACH21-BB081,CVIET,Pfcrt
ACH21-BB089,CVIET,Pfcrt
ACH21-BD005,CVIET,Pfcrt
ACH21-BD011,CVIET,Pfcrt
ACH21-BD018,CVIET,Pfcrt
ACH21-BD027,CVIET,Pfcrt
ACH21-BD028,CVIET,Pfcrt
ACH21-BS003,CVIET,Pfcrt
ACH21-BS008,CVIET,Pfcrt
ACH21-BS009,CVIET,Pfcrt
ACH21-BS012,CVIET,Pfcrt
ACH21-BS015,CVIET,Pfcrt
ACH21-BS028,CVIET,Pfcrt
ACH21-BS048,CVIET,Pfcrt
ACH21-BS053,CVIET,Pfcrt
ACH21-BS070,CVIET,Pfcrt
ACH21-BS074,CVIET,Pfcrt
ACH21-BS075,CVIET,Pfcrt
ACH21-BS076,CVIET,Pfcrt
ACH21-BS077,CVIET,Pfcrt
ACH21-BS080,CVIET,Pfcrt
ACH21-BS082,CVIET,Pfcrt
ACH21-BS083,CVIET,Pfcrt
ACH21-DH132,CVIET,Pfcrt
ACH21-DH133,CVIET,Pfcrt
ACH21-DH137,CVIET,Pfcrt
ACH21-DH144,CVIET,Pfcrt
ACH21-DH145,CVIET,Pfcrt
ACH21-DH147,CVIET,Pfcrt
ACH21-DH148,CVIET,Pfcrt
ACH21-DH149,CVIET,Pfcrt
ACH21-DH167,CVIET,Pfcrt
ACH21-DH180,CVIET,Pfcrt
ACH21-DH181,CVIET,Pfcrt
ACH21-DH184,CVIET,Pfcrt
ACH21-DH185,CVIET,Pfcrt
ACH21-DH188,CVIET,Pfcrt
ACH21-DH189,CVIET,Pfcrt
ACH21-DH193,CVIET,Pfcrt
ACH21-DH196,CVIET,Pfcrt
ACH21-DH200,CVIET,Pfcrt
ACH21-DH201,CVIET,Pfcrt
ACH21-DH203,CVIET,Pfcrt
ACH21-DH204,CVIET,Pfcrt
ACH21-DL005,CVIET,Pfcrt
ACH21-DL007,CVIET,Pfcrt
ACH21-DL012,CVIET,Pfcrt
ACH21-DL015,CVIET,Pfcrt
ACH21-DL019,CVIET,Pfcrt
ACH21-DL021,CVIET,Pfcrt
ACH21-DL064,CVIET,Pfcrt
ACH21-DL067,CVIET,Pfcrt
ACH21-DL086,CVIET,Pfcrt
ACH21-DL089,CVIET,Pfcrt
ACH21-DO001,CVIET,Pfcrt
ACH21-DO003,CVIET,Pfcrt
ACH21-DO004,CVIET,Pfcrt
ACH21-DO005,CVIET,Pfcrt
ACH21-DO006,CVIET,Pfcrt
ACH21-DO007,CVIET,Pfcrt
ACH21-DO009,CVIET,Pfcrt
ACH21-DO011,CVIET,Pfcrt
ACH21-DO012,CVIET,Pfcrt
ACH21-DO019,CVIET,Pfcrt
ACH21-DO022,CVIET,Pfcrt
ACH21-DO023,CVIET,Pfcrt
ACH21-DO154,CVIET,Pfcrt
ACH21-DO156,CVIET,Pfcrt
ACH21-DO165,CVIET,Pfcrt
ACH21-FB003,CVIET,Pfcrt
ACH21-FB004,CVIET,Pfcrt
ACH21-FB006,CVIET,Pfcrt
ACH21-FB008,CVIET,Pfcrt
ACH21-FB009,CVIET,Pfcrt
ACH21-FB011,CVIET,Pfcrt
ACH21-FB012,CVIET,Pfcrt
ACH21-FB014,CVIET,Pfcrt
ACH21-FB016,CVIET,Pfcrt
ACH21-FB021,CVIET,Pfcrt
ACH21-FB023,CVIET,Pfcrt
ACH21-FB024,CVIET,Pfcrt
ACH21-FB026,CVIET,Pfcrt
ACH21-FB027,CVIET,Pfcrt
ACH21-FB029,CVIET,Pfcrt
ACH21-FB031,CVIET,Pfcrt
ACH21-FB032,CVIET,Pfcrt
ACH21-FB036,CVIET,Pfcrt
ACH21-FB038,CVIET,Pfcrt
ACH21-FB040,CVIET,Pfcrt
ACH21-FB042,CVIET,Pfcrt
ACH21-FB043,CVIET,Pfcrt
ACH21-FB044,CVIET,Pfcrt
ACH21-FB047,CVIET,Pfcrt
ACH21-FB049,CVIET,Pfcrt
ACH21-FB050,CVIET,Pfcrt
ACH21-FB051,CVIET,Pfcrt
ACH21-FB053,CVIET,Pfcrt
ACH21-FB057,CVIET,Pfcrt
ACH21-FB059,CVIET,Pfcrt
ACH21-FB061,CVIET,Pfcrt
ACH21-FB063,CVIET,Pfcrt
ACH21-FB064,CVIET,Pfcrt
ACH21-FB067,CVIET,Pfcrt
ACH21-FB071,CVIET,Pfcrt
ACH21-FB072,CVIET,Pfcrt
ACH21-FB077,CVIET,Pfcrt
ACH21-FB078,CVIET,Pfcrt
ACH21-FB079,CVIET,Pfcrt
ACH21-FB080,CVIET,Pfcrt
ACH21-FB082,CVIET,Pfcrt
ACH21-FB084,CVIET,Pfcrt
ACH21-FB085,CVIET,Pfcrt
ACH21-FB088,CVIET,Pfcrt
ACH21-FM011,CVIET,Pfcrt
ACH21-FM014,CVIET,Pfcrt
ACH21-FM015,CVIET,Pfcrt
ACH21-FM023,CVIET,Pfcrt
ACH21-FM024,CVIET,Pfcrt
ACH21-FM025,CVIET,Pfcrt
ACH21-FM026,CVIET,Pfcrt
ACH21-FM027,CVIET,Pfcrt
ACH21-FM033,CVIET,Pfcrt
ACH21-FM044,CVIET,Pfcrt
ACH21-FM046,CVIET,Pfcrt
ACH21-FM049,CVIET,Pfcrt
ACH21-FM050,CVIET,Pfcrt
ACH21-FM051,CVIET,Pfcrt
ACH21-FM052,CVIET,Pfcrt
ACH21-FM055,CVIET,Pfcrt
ACH21-FM058,CVIET,Pfcrt
ACH21-FM059,CVIET,Pfcrt
ACH21-FM060,CVIET,Pfcrt
ACH21-FM062,CVIET,Pfcrt
ACH21-FM064,CVIET,Pfcrt
ACH21-FM066,CVIET,Pfcrt
ACH21-FM069,CVIET,Pfcrt
ACH21-FM070,CVIET,Pfcrt
ACH21-FM074,CVIET,Pfcrt
ACH21-FM079,CVIET,Pfcrt
ACH21-FM080,CVIET,Pfcrt
ACH21-FM081,CVIET,Pfcrt
ACH21-FM083,CVIET,Pfcrt
ACH21-FM086,CVIET,Pfcrt
ACH21-FM088,CVIET,Pfcrt
ACH21-FM089,CVIET,Pfcrt
ACH21-FM092,CVIET,Pfcrt
ACH21-FM094,CVIET,Pfcrt
ACH21-FM095,CVIET,Pfcrt
ACH21-FM096,CVIET,Pfcrt
ACH21-GU008,CVIET,Pfcrt
ACH21-GU225,CVIET,Pfcrt
ACH21-HH004,CVIET,Pfcrt
ACH21-HH006,CVIET,Pfcrt
ACH21-HH008,CVIET,Pfcrt
ACH21-HH009,CVIET,Pfcrt
ACH21-HH011,CVIET,Pfcrt
ACH21-HH013,CVIET,Pfcrt
ACH21-HH015,CVIET,Pfcrt
ACH21-HH016,CVIET,Pfcrt
ACH21-HH018,CVIET,Pfcrt
ACH21-HH019,CVIET,Pfcrt
ACH21-HH020,CVIET,Pfcrt
ACH21-HH021,CVIET,Pfcrt
ACH21-HH023,CVIET,Pfcrt
ACH21-HH024,CVIET,Pfcrt
ACH21-HH025,CVIET,Pfcrt
ACH21-HH026,CVIET,Pfcrt
ACH21-HH027,CVIET,Pfcrt
ACH21-HH028,CVIET,Pfcrt
ACH21-HH030,CVIET,Pfcrt
ACH21-HH033,CVIET,Pfcrt
ACH21-HH035,CVIET,Pfcrt
ACH21-HH036,CVIET,Pfcrt
ACH21-HH037,CVIET,Pfcrt
ACH21-HH038,CVIET,Pfcrt
ACH21-HH040,CVIET,Pfcrt
ACH21-HH044,CVIET,Pfcrt
ACH21-HH046,CVIET,Pfcrt
ACH21-MA005,CVIET,Pfcrt
ACH21-MA011,CVIET,Pfcrt
ACH21-MA017,CVIET,Pfcrt
ACH21-MA032,CVIET,Pfcrt
ACH21-MA033,CVIET,Pfcrt
ACH21-MA040,CVIET,Pfcrt
ACH21-MK020,CVIET,Pfcrt
ACH21-MK028,CVIET,Pfcrt
ACH21-MK031,CVIET,Pfcrt
ACH21-MK032,CVIET,Pfcrt
ACH21-MK037,CVIET,Pfcrt
ACH21-MK038,CVIET,Pfcrt
ACH21-MK054,CVIET,Pfcrt
ACH21-MK061,CVIET,Pfcrt
ACH21-MK101,CVIET,Pfcrt
ACH21-MK103,CVIET,Pfcrt
ACH21-MK105,CVIET,Pfcrt
ACH21-MM001,CVIET,Pfcrt
ACH21-MM002,CVIET,Pfcrt
ACH21-MM004,CVIET,Pfcrt
ACH21-MM009,CVIET,Pfcrt
ACH21-MM014,CVIET,Pfcrt
ACH21-MM016,CVIET,Pfcrt
ACH21-MM017,CVIET,Pfcrt
ACH21-MM018,CVIET,Pfcrt
ACH21-MM021,CVIET,Pfcrt
ACH21-MM033,CVIET,Pfcrt
ACH21-MM034,CVIET,Pfcrt
ACH21-MM036,CVIET,Pfcrt
ACH21-MM037,CVIET,Pfcrt
ACH21-MM038,CVIET,Pfcrt
ACH21-MM039,CVIET,Pfcrt
ACH21-MM040,CVIET,Pfcrt
ACH21-MM041,CVIET,Pfcrt
ACH21-MM042,CVIET,Pfcrt
ACH21-MM043,CVIET,Pfcrt
ACH21-MM044,CVIET,Pfcrt
ACH21-MY288,CVIET,Pfcrt
ACH21-PF003,CVIET,Pfcrt
ACH21-PF008,CVIET,Pfcrt
ACH21-SH185,CVIET,Pfcrt
ACH21-SH238,CVIET,Pfcrt
ACH22-GD005,CVIET,Pfcrt
ACH22-MK001,CVIET,Pfcrt
ACH22-MK005,CVIET,Pfcrt
ACH22-MK018,CVIET,Pfcrt
ACH22-MK020,CVIET,Pfcrt
ACH22-MY006,CVIET,Pfcrt
GMTP002,CVIET,Pfcrt
GMTP003,CVIET,Pfcrt
GMTP004,CVIET,Pfcrt
GMTP007,CVIET,Pfcrt
GMTP008,CVIET,Pfcrt
GMTP011,CVIET,Pfcrt
GMTP013,CVIET,Pfcrt
GMTP015,CVIET,Pfcrt
GMTP027,CVIET,Pfcrt
GMTP030,CVIET,Pfcrt
GMTP032,CVIET,Pfcrt
GMTP037,CVIET,Pfcrt
GMTP041,CVIET,Pfcrt
GMTP044,CVIET,Pfcrt
GMTP045,CVIET,Pfcrt
GMTP048,CVIET,Pfcrt
GMTP051,CVIET,Pfcrt
GMTP052,CVIET,Pfcrt
TG01-001,CVIET,Pfcrt
TG01-005,CVIET,Pfcrt
TG01-008,CVIET,Pfcrt
TG01-009,CVIET,Pfcrt
TG01-010,CVIET,Pfcrt
TG01-011,CVIET,Pfcrt
TG01-012,CVIET,Pfcrt
TG01-016,CVIET,Pfcrt
TG01-019,CVIET,Pfcrt
TG01-020,CVIET,Pfcrt
TG01-021,CVIET,Pfcrt
TG01-022,CVIET,Pfcrt
TG01-023,CVIET,Pfcrt
TG01-024,CVIET,Pfcrt
TG01-028,CVIET,Pfcrt
ACH21-AA006,NFSND,Pfmdr1
ACH21-AA008,NFSND,Pfmdr1
ACH21-AA010,NFSND,Pfmdr1
ACH21-AA022,NFSND,Pfmdr1
ACH21-AA023,NFSND,Pfmdr1
ACH21-AA024,NFSND,Pfmdr1
ACH21-AA025,NFSND,Pfmdr1
ACH21-AA026,NFSND,Pfmdr1
ACH21-AA028,NFSND,Pfmdr1
ACH21-AA029,NFSND,Pfmdr1
ACH21-AA030,NFSND,Pfmdr1
ACH21-AA031,NFSND,Pfmdr1
ACH21-AA032,NFSND,Pfmdr1
ACH21-AA033,NFSND,Pfmdr1
ACH21-AA035,NFSND,Pfmdr1
ACH21-AA036,NFSND,Pfmdr1
ACH21-AA037,NFSND,Pfmdr1
ACH21-AA039,NFSND,Pfmdr1
ACH21-AA041,NFSND,Pfmdr1
ACH21-AA042,NFSND,Pfmdr1
ACH21-AA043,NFSND,Pfmdr1
ACH21-AA044,NFSND,Pfmdr1
ACH21-AA045,NFSND,Pfmdr1
ACH21-AA049,NFSND,Pfmdr1
ACH21-BB031,NFSND,Pfmdr1
ACH21-BB033,NFSND,Pfmdr1
ACH21-BB037,NFSND,Pfmdr1
ACH21-BB039,NFSND,Pfmdr1
ACH21-BB042,NFSND,Pfmdr1
ACH21-BB046,NFSND,Pfmdr1
ACH21-BB053,NFSND,Pfmdr1
ACH21-BB057,NFSND,Pfmdr1
ACH21-BB067,NFSND,Pfmdr1
ACH21-BB068,NFSND,Pfmdr1
ACH21-BB075,NFSND,Pfmdr1
ACH21-BB077,NFSND,Pfmdr1
ACH21-BB079,NFSND,Pfmdr1
ACH21-BB081,NFSND,Pfmdr1
ACH21-BB089,NFSND,Pfmdr1
ACH21-BB092,NFSND,Pfmdr1
ACH21-BD005,NFSND,Pfmdr1
ACH21-BD011,NFSND,Pfmdr1
ACH21-BD018,NFSND,Pfmdr1
ACH21-BD027,NFSND,Pfmdr1
ACH21-BD028,NFSND,Pfmdr1
ACH21-BS003,NFSND,Pfmdr1
ACH21-BS008,NFSND,Pfmdr1
ACH21-BS009,NFSND,Pfmdr1
ACH21-BS012,NFSND,Pfmdr1
ACH21-BS015,NFSND,Pfmdr1
ACH21-BS028,NFSND,Pfmdr1
ACH21-BS048,NFSND,Pfmdr1
ACH21-BS052,NFSND,Pfmdr1
ACH21-BS053,NFSND,Pfmdr1
ACH21-BS070,NFSND,Pfmdr1
ACH21-BS074,NFSND,Pfmdr1
ACH21-BS075,NFSND,Pfmdr1
ACH21-BS076,NFSND,Pfmdr1
ACH21-BS077,NFSND,Pfmdr1
ACH21-BS080,NFSND,Pfmdr1
ACH21-BS081,NFSND,Pfmdr1
ACH21-BS082,NFSND,Pfmdr1
ACH21-BS083,NFSND,Pfmdr1
ACH21-BS084,NFSND,Pfmdr1
ACH21-DH130,NFSND,Pfmdr1
ACH21-DH138,NFSND,Pfmdr1
ACH21-DH141,NFSND,Pfmdr1
ACH21-DH145,NFSND,Pfmdr1
ACH21-DH147,NFSND,Pfmdr1
ACH21-DH148,NFSND,Pfmdr1
ACH21-DH149,NFSND,Pfmdr1
ACH21-DH159,NFSND,Pfmdr1
ACH21-DH160,NFSND,Pfmdr1
ACH21-DH167,NFSND,Pfmdr1
ACH21-DH180,NFSND,Pfmdr1
ACH21-DH181,NFSND,Pfmdr1
ACH21-DH184,NFSND,Pfmdr1
ACH21-DH185,NFSND,Pfmdr1
ACH21-DH188,NFSND,Pfmdr1
ACH21-DH189,NFSND,Pfmdr1
ACH21-DH193,NFSND,Pfmdr1
ACH21-DH196,NFSND,Pfmdr1
ACH21-DH200,NFSND,Pfmdr1
ACH21-DH201,NFSND,Pfmdr1
ACH21-DH203,NFSND,Pfmdr1
ACH21-DH204,NFSND,Pfmdr1
ACH21-DL005,NFSND,Pfmdr1
ACH21-DL007,NFSND,Pfmdr1
ACH21-DL012,NFSND,Pfmdr1
ACH21-DL014,NFSND,Pfmdr1
ACH21-DL015,NFSND,Pfmdr1
ACH21-DL017,NFSND,Pfmdr1
ACH21-DL021,NFSND,Pfmdr1
ACH21-DL022,NFSND,Pfmdr1
ACH21-DL064,NFSND,Pfmdr1
ACH21-DL067,NFSND,Pfmdr1
ACH21-DL069,NFSND,Pfmdr1
ACH21-DL089,NFSND,Pfmdr1
ACH21-DO001,NFSND,Pfmdr1
ACH21-DO005,NFSND,Pfmdr1
ACH21-DO008,NFSND,Pfmdr1
ACH21-DO009,NFSND,Pfmdr1
ACH21-DO011,NFSND,Pfmdr1
ACH21-DO012,NFSND,Pfmdr1
ACH21-DO019,NFSND,Pfmdr1
ACH21-DO021,NFSND,Pfmdr1
ACH21-DO022,NFSND,Pfmdr1
ACH21-DO023,NFSND,Pfmdr1
ACH21-DO151,NFSND,Pfmdr1
ACH21-DO154,NFSND,Pfmdr1
ACH21-DO156,NFSND,Pfmdr1
ACH21-DO165,NFSND,Pfmdr1
ACH21-FB003,NFSND,Pfmdr1
ACH21-FB004,NFSND,Pfmdr1
ACH21-FB006,NFSND,Pfmdr1
ACH21-FB008,NFSND,Pfmdr1
ACH21-FB009,NFSND,Pfmdr1
ACH21-FB011,NFSND,Pfmdr1
ACH21-FB012,NFSND,Pfmdr1
ACH21-FB014,NFSND,Pfmdr1
ACH21-FB016,NFSND,Pfmdr1
ACH21-FB021,NFSND,Pfmdr1
ACH21-FB023,NFSND,Pfmdr1
ACH21-FB024,NFSND,Pfmdr1
ACH21-FB026,NFSND,Pfmdr1
ACH21-FB027,NFSND,Pfmdr1
ACH21-FB028,NFSND,Pfmdr1
ACH21-FB029,NFSND,Pfmdr1
ACH21-FB031,NFSND,Pfmdr1
ACH21-FB032,NFSND,Pfmdr1
ACH21-FB036,NFSND,Pfmdr1
ACH21-FB038,NFSND,Pfmdr1
ACH21-FB040,NFSND,Pfmdr1
ACH21-FB042,NFSND,Pfmdr1
ACH21-FB043,NFSND,Pfmdr1
ACH21-FB044,NFSND,Pfmdr1
ACH21-FB047,NFSND,Pfmdr1
ACH21-FB049,NFSND,Pfmdr1
ACH21-FB050,NFSND,Pfmdr1
ACH21-FB051,NFSND,Pfmdr1
ACH21-FB053,NFSND,Pfmdr1
ACH21-FB057,NFSND,Pfmdr1
ACH21-FB059,NFSND,Pfmdr1
ACH21-FB061,NFSND,Pfmdr1
ACH21-FB063,NFSND,Pfmdr1
ACH21-FB064,NFSND,Pfmdr1
ACH21-FB067,NFSND,Pfmdr1
ACH21-FB071,NFSND,Pfmdr1
ACH21-FB077,NFSND,Pfmdr1
ACH21-FB078,NFSND,Pfmdr1
ACH21-FB079,NFSND,Pfmdr1
ACH21-FB080,NFSND,Pfmdr1
ACH21-FB082,NFSND,Pfmdr1
ACH21-FB084,NFSND,Pfmdr1
ACH21-FB085,NFSND,Pfmdr1
ACH21-FB088,NFSND,Pfmdr1
ACH21-FM011,NFSND,Pfmdr1
ACH21-FM012,NFSND,Pfmdr1
ACH21-FM014,NFSND,Pfmdr1
ACH21-FM015,NFSND,Pfmdr1
ACH21-FM023,NFSND,Pfmdr1
ACH21-FM024,NFSND,Pfmdr1
ACH21-FM025,NFSND,Pfmdr1
ACH21-FM026,NFSND,Pfmdr1
ACH21-FM033,NFSND,Pfmdr1
ACH21-FM044,NFSND,Pfmdr1
ACH21-FM049,NFSND,Pfmdr1
ACH21-FM050,NFSND,Pfmdr1
ACH21-FM051,NFSND,Pfmdr1
ACH21-FM052,NFSND,Pfmdr1
ACH21-FM058,NFSND,Pfmdr1
ACH21-FM059,NFSND,Pfmdr1
ACH21-FM062,NFSND,Pfmdr1
ACH21-FM069,NFSND,Pfmdr1
ACH21-FM070,NFSND,Pfmdr1
ACH21-FM074,NFSND,Pfmdr1
ACH21-FM080,NFSND,Pfmdr1
ACH21-FM083,NFSND,Pfmdr1
ACH21-FM086,NFSND,Pfmdr1
ACH21-FM088,NFSND,Pfmdr1
ACH21-FM089,NFSND,Pfmdr1
ACH21-FM094,NFSND,Pfmdr1
ACH21-FM095,NFSND,Pfmdr1
ACH21-FM096,NFSND,Pfmdr1
ACH21-FM097,NFSND,Pfmdr1
ACH21-FM098,NFSND,Pfmdr1
ACH21-GA008,NFSND,Pfmdr1
ACH21-GA009,NFSND,Pfmdr1
ACH21-GA024,NFSND,Pfmdr1
ACH21-GA026,NFSND,Pfmdr1
ACH21-GA027,NFSND,Pfmdr1
ACH21-GA028,NFSND,Pfmdr1
ACH21-GA034,NFSND,Pfmdr1
ACH21-GA036,NFSND,Pfmdr1
ACH21-GB004,NFSND,Pfmdr1
ACH21-GB022,NFSND,Pfmdr1
ACH21-GB061,NFSND,Pfmdr1
ACH21-GB069,NFSND,Pfmdr1
ACH21-GB089,NFSND,Pfmdr1
ACH21-GB090,NFSND,Pfmdr1
ACH21-GB116,NFSND,Pfmdr1
ACH21-GB120,NFSND,Pfmdr1
ACH21-GU003,NFSND,Pfmdr1
ACH21-GU007,NFSND,Pfmdr1
ACH21-GU008,NFSND,Pfmdr1
ACH21-GU010,NFSND,Pfmdr1
ACH21-GU016,NFSND,Pfmdr1
ACH21-GU019,NFSND,Pfmdr1
ACH21-GU020,NFSND,Pfmdr1
ACH21-GU203,NFSND,Pfmdr1
ACH21-GU204,NFSND,Pfmdr1
ACH21-GU206,NFSND,Pfmdr1
ACH21-GU207,NFSND,Pfmdr1
ACH21-GU209,NFSND,Pfmdr1
ACH21-GU210,NFSND,Pfmdr1
ACH21-GU213,NFSND,Pfmdr1
ACH21-GU214,NFSND,Pfmdr1
ACH21-GU215,NFSND,Pfmdr1
ACH21-GU216,NFSND,Pfmdr1
ACH21-GU218,NFSND,Pfmdr1
ACH21-GU222,NFSND,Pfmdr1
ACH21-GU225,NFSND,Pfmdr1
ACH21-GU227,NFSND,Pfmdr1
ACH21-GU228,NFSND,Pfmdr1
ACH21-GU233,NFSND,Pfmdr1
ACH21-HH001,NFSND,Pfmdr1
ACH21-HH004,NFSND,Pfmdr1
ACH21-HH005,NFSND,Pfmdr1
ACH21-HH006,NFSND,Pfmdr1
ACH21-HH007,NFSND,Pfmdr1
ACH21-HH008,NFSND,Pfmdr1
ACH21-HH009,NFSND,Pfmdr1
ACH21-HH011,NFSND,Pfmdr1
ACH21-HH013,NFSND,Pfmdr1
ACH21-HH016,NFSND,Pfmdr1
ACH21-HH017,NFSND,Pfmdr1
ACH21-HH020,NFSND,Pfmdr1
ACH21-HH021,NFSND,Pfmdr1
ACH21-HH023,NFSND,Pfmdr1
ACH21-HH025,NFSND,Pfmdr1
ACH21-HH026,NFSND,Pfmdr1
ACH21-HH027,NFSND,Pfmdr1
ACH21-HH028,NFSND,Pfmdr1
ACH21-HH029,NFSND,Pfmdr1
ACH21-HH030,NFSND,Pfmdr1
ACH21-HH031,NFSND,Pfmdr1
ACH21-HH033,NFSND,Pfmdr1
ACH21-HH034,NFSND,Pfmdr1
ACH21-HH035,NFSND,Pfmdr1
ACH21-HH036,NFSND,Pfmdr1
ACH21-HH037,NFSND,Pfmdr1
ACH21-HH038,NFSND,Pfmdr1
ACH21-HH039,NFSND,Pfmdr1
ACH21-HH041,NFSND,Pfmdr1
ACH21-HH042,NFSND,Pfmdr1
ACH21-HH043,NFSND,Pfmdr1
ACH21-HH044,NFSND,Pfmdr1
ACH21-HH046,NFSND,Pfmdr1
ACH21-MA005,NFSND,Pfmdr1
ACH21-MA010,NFSND,Pfmdr1
ACH21-MA011,NFSND,Pfmdr1
ACH21-MA012,NFSND,Pfmdr1
ACH21-MA017,NFSND,Pfmdr1
ACH21-MA020,NFSND,Pfmdr1
ACH21-MA023,NFSND,Pfmdr1
ACH21-MA026,NFSND,Pfmdr1
ACH21-MA027,NFSND,Pfmdr1
ACH21-MA030,NFSND,Pfmdr1
ACH21-MA031,NFSND,Pfmdr1
ACH21-MA032,NFSND,Pfmdr1
ACH21-MA033,NFSND,Pfmdr1
ACH21-MA039,NFSND,Pfmdr1
ACH21-MA040,NFSND,Pfmdr1
ACH21-MK020,NFSND,Pfmdr1
ACH21-MK028,NFSND,Pfmdr1
ACH21-MK031,NFSND,Pfmdr1
ACH21-MK032,NFSND,Pfmdr1
ACH21-MK037,NFSND,Pfmdr1
ACH21-MK055,NFSND,Pfmdr1
ACH21-MK057,NFSND,Pfmdr1
ACH21-MK061,NFSND,Pfmdr1
ACH21-MK076,NFSND,Pfmdr1
ACH21-MK080,NFSND,Pfmdr1
ACH21-MK102,NFSND,Pfmdr1
ACH21-MK103,NFSND,Pfmdr1
ACH21-MK105,NFSND,Pfmdr1
ACH21-MK118,NFSND,Pfmdr1
ACH21-MM001,NFSND,Pfmdr1
ACH21-MM002,NFSND,Pfmdr1
ACH21-MM004,NFSND,Pfmdr1
ACH21-MM005,NFSND,Pfmdr1
ACH21-MM009,NFSND,Pfmdr1
ACH21-MM010,NFSND,Pfmdr1
ACH21-MM012,NFSND,Pfmdr1
ACH21-MM014,NFSND,Pfmdr1
ACH21-MM016,NFSND,Pfmdr1
ACH21-MM017,NFSND,Pfmdr1
ACH21-MM018,NFSND,Pfmdr1
ACH21-MM021,NFSND,Pfmdr1
ACH21-MM033,NFSND,Pfmdr1
ACH21-MM034,NFSND,Pfmdr1
ACH21-MM036,NFSND,Pfmdr1
ACH21-MM037,NFSND,Pfmdr1
ACH21-MM038,NFSND,Pfmdr1
ACH21-MM039,NFSND,Pfmdr1
ACH21-MM040,NFSND,Pfmdr1
ACH21-MM041,NFSND,Pfmdr1
ACH21-MM042,NFSND,Pfmdr1
ACH21-MM043,NFSND,Pfmdr1
ACH21-MM044,NFSND,Pfmdr1
ACH21-MY281,NFSND,Pfmdr1
ACH21-MY282,NFSND,Pfmdr1
ACH21-MY288,NFSND,Pfmdr1
ACH21-MY291,NFSND,Pfmdr1
ACH21-MY292,NFSND,Pfmdr1
ACH21-MY297,NFSND,Pfmdr1
ACH21-PF001,NFSND,Pfmdr1
ACH21-PF003,NFSND,Pfmdr1
ACH21-PF005,NFSND,Pfmdr1
ACH21-PF006,NFSND,Pfmdr1
ACH21-PF008,NFSND,Pfmdr1
ACH21-PF011,NFSND,Pfmdr1
ACH21-PM007,NFSND,Pfmdr1
ACH21-SH003,NFSND,Pfmdr1
ACH21-SH044,NFSND,Pfmdr1
ACH21-SH047,NFSND,Pfmdr1
ACH21-SH065,NFSND,Pfmdr1
ACH21-SH069,NFSND,Pfmdr1
ACH21-SH102,NFSND,Pfmdr1
ACH21-SH103,NFSND,Pfmdr1
ACH21-SH120,NFSND,Pfmdr1
ACH21-SH122,NFSND,Pfmdr1
ACH21-SH137,NFSND,Pfmdr1
ACH21-SH142,NFSND,Pfmdr1
ACH21-SH155,NFSND,Pfmdr1
ACH21-SH156,NFSND,Pfmdr1
ACH21-SH160,NFSND,Pfmdr1
ACH21-SH169,NFSND,Pfmdr1
ACH21-SH185,NFSND,Pfmdr1
ACH21-SH235,NFSND,Pfmdr1
ACH21-SH237,NFSND,Pfmdr1
ACH21-SH241,NFSND,Pfmdr1
ACH21-SH250,NFSND,Pfmdr1
ACH21-SH260,NFSND,Pfmdr1
ACH21-SH273,NFSND,Pfmdr1
ACH21-SH285,NFSND,Pfmdr1
ACH21-SH287,NFSND,Pfmdr1
ACH21-SH295,NFSND,Pfmdr1
ACH21-SK002,NFSND,Pfmdr1
ACH21-SK017,NFSND,Pfmdr1
ACH21-SK065,NFSND,Pfmdr1
ACH21-SK070,NFSND,Pfmdr1
ACH22-ET008,NFSND,Pfmdr1
ACH22-GA003,NFSND,Pfmdr1
ACH22-GA005,NFSND,Pfmdr1
ACH22-GA010,NFSND,Pfmdr1
ACH22-GA015,NFSND,Pfmdr1
ACH22-GA016,NFSND,Pfmdr1
ACH22-GA017,NFSND,Pfmdr1
ACH22-GA018,NFSND,Pfmdr1
ACH22-GA019,NFSND,Pfmdr1
ACH22-GA020,NFSND,Pfmdr1
ACH22-GB006,NFSND,Pfmdr1
ACH22-GB007,NFSND,Pfmdr1
ACH22-GB008,NFSND,Pfmdr1
ACH22-GB016,NFSND,Pfmdr1
ACH22-GB020,NFSND,Pfmdr1
ACH22-GD001,NFSND,Pfmdr1
ACH22-GD003,NFSND,Pfmdr1
ACH22-GD005,NFSND,Pfmdr1
ACH22-GD007,NFSND,Pfmdr1
ACH22-GU004,NFSND,Pfmdr1
ACH22-GU010,NFSND,Pfmdr1
ACH22-GU014,NFSND,Pfmdr1
ACH22-GU019,NFSND,Pfmdr1
ACH22-MK001,NFSND,Pfmdr1
ACH22-MK005,NFSND,Pfmdr1
ACH22-MK007,NFSND,Pfmdr1
ACH22-MK008,NFSND,Pfmdr1
ACH22-MK010,NFSND,Pfmdr1
ACH22-MY006,NFSND,Pfmdr1
ACH22-MY007,NFSND,Pfmdr1
ACH22-MY015,NFSND,Pfmdr1
ACH22-PF004,NFSND,Pfmdr1
ACH22-PF009,NFSND,Pfmdr1
ACH22-PF011,NFSND,Pfmdr1
ACH22-PF012,NFSND,Pfmdr1
ACH22-PF016,NFSND,Pfmdr1
ACH22-PF017,NFSND,Pfmdr1
ACH22-PF018,NFSND,Pfmdr1
ACH22-PF019,NFSND,Pfmdr1
ACH22-PK003,NFSND,Pfmdr1
ACH22-PK004,NFSND,Pfmdr1
ACH22-PK008,NFSND,Pfmdr1
ACH22-PK012,NFSND,Pfmdr1
ACH22-PK015,NFSND,Pfmdr1
ACH22-PK016,NFSND,Pfmdr1
ACH22-PK017,NFSND,Pfmdr1
ACH22-PK020,NFSND,Pfmdr1
ACH22-PK021,NFSND,Pfmdr1
ACH22-PM009,NFSND,Pfmdr1
GMTP001,NFSND,Pfmdr1
GMTP002,NFSND,Pfmdr1
GMTP003,NFSND,Pfmdr1
GMTP004,NFSND,Pfmdr1
GMTP007,NFSND,Pfmdr1
GMTP008,NFSND,Pfmdr1
GMTP009,NFSND,Pfmdr1
GMTP011,NFSND,Pfmdr1
GMTP013,NFSND,Pfmdr1
GMTP015,NFSND,Pfmdr1
GMTP016,NFSND,Pfmdr1
GMTP017,NFSND,Pfmdr1
GMTP018,NFSND,Pfmdr1
GMTP021,NFSND,Pfmdr1
GMTP022,NFSND,Pfmdr1
GMTP024,NFSND,Pfmdr1
GMTP026,NFSND,Pfmdr1
GMTP027,NFSND,Pfmdr1
GMTP030,NFSND,Pfmdr1
GMTP032,NFSND,Pfmdr1
GMTP037,NFSND,Pfmdr1
GMTP041,NFSND,Pfmdr1
GMTP044,NFSND,Pfmdr1
GMTP045,NFSND,Pfmdr1
GMTP048,NFSND,Pfmdr1
GMTP050,NFSND,Pfmdr1
GMTP051,NFSND,Pfmdr1
GMTP052,NFSND,Pfmdr1
GMTP053,NFSND,Pfmdr1
TG01-001,NFSND,Pfmdr1
TG01-002,NFSND,Pfmdr1
TG01-003,NFSND,Pfmdr1
TG01-005,NFSND,Pfmdr1
TG01-008,NFSND,Pfmdr1
TG01-009,NFSND,Pfmdr1
TG01-010,NFSND,Pfmdr1
TG01-011,NFSND,Pfmdr1
TG01-012,NFSND,Pfmdr1
TG01-016,NFSND,Pfmdr1
TG01-017,NFSND,Pfmdr1
TG01-018,NFSND,Pfmdr1
TG01-019,NFSND,Pfmdr1
TG01-020,NFSND,Pfmdr1
TG01-021,NFSND,Pfmdr1
TG01-022,NFSND,Pfmdr1
TG01-023,NFSND,Pfmdr1
TG01-024,NFSND,Pfmdr1
TG01-028,NFSND,Pfmdr1
ACH21-AA006,R622I,Pfk13
ACH21-BB046,P441L,Pfk13
ACH21-BB067,P441L,Pfk13
ACH21-BB068,P441L,Pfk13
ACH21-BB077,P441L,Pfk13
ACH21-BB079,P441L,Pfk13
ACH21-DH130,R622I,Pfk13
ACH21-DH148,R622I,Pfk13
ACH21-DH180,R622I,Pfk13
ACH21-DH181,R622I,Pfk13
ACH21-DH193,R622I,Pfk13
ACH21-DH196,R622I,Pfk13
ACH21-DH200,R622I,Pfk13
ACH21-DH201,R622I,Pfk13
ACH21-DH203,R622I,Pfk13
ACH21-DH204,R622I,Pfk13
ACH21-FM027,R622I,Pfk13
ACH21-GU008,R622I,Pfk13
ACH21-HH009,R622I,Pfk13
ACH21-HH015,R622I,Pfk13
ACH21-HH020,R622I,Pfk13
ACH21-HH029,R622I,Pfk13
ACH21-HH036,R622I,Pfk13
ACH21-HH041,R622I,Pfk13
ACH21-HH046,R622I,Pfk13
ACH21-MK020,R622I,Pfk13
ACH21-MK028,R622I,Pfk13
ACH21-MK054,R622I,Pfk13
ACH21-MK055,R622I,Pfk13
ACH21-MK080,R622I,Pfk13
ACH21-MK101,R622I,Pfk13
ACH21-MK103,R622I,Pfk13
ACH21-PF003,R622I,Pfk13
ACH21-PF008,R622I,Pfk13
ACH21-SH120,P441L,Pfk13
ACH22-GA003,A675V,Pfk13
ACH22-GA005,A675V,Pfk13
ACH22-GA017,A675V,Pfk13
ACH22-GB006,A675V,Pfk13
ACH22-GB008,A675V,Pfk13
ACH22-GB016,A675V,Pfk13
ACH22-GB020,A675V,Pfk13
ACH22-GD001,A675V,Pfk13
ACH22-MK001,R622I,Pfk13
ACH22-MK007,R622I,Pfk13
ACH22-MK008,R622I,Pfk13
ACH22-MK010,R622I,Pfk13
ACH22-MK018,R622I,Pfk13
ACH22-MK020,R622I,Pfk13
ACH22-MY007,R622I,Pfk13
ACH22-PK003,A675V,Pfk13
ACH22-PK004,A675V,Pfk13
GMTP003,R622I,Pfk13
GMTP004,R622I,Pfk13
GMTP008,R622I,Pfk13
GMTP011,R622I,Pfk13
GMTP013,R622I,Pfk13
GMTP018,R622I,Pfk13
GMTP022,R622I,Pfk13
GMTP024,R622I,Pfk13
GMTP027,R622I,Pfk13
GMTP030,R622I,Pfk13
GMTP033,R622I,Pfk13
GMTP035,R622I,Pfk13
GMTP041,R622I,Pfk13
GMTP048,R622I,Pfk13
GMTP049,R622I,Pfk13
GMTP052,R622I,Pfk13
GMTP053,R622I,Pfk13
TG01-001,R622I,Pfk13
TG01-009,R622I,Pfk13
TG01-016,R622I,Pfk13
TG01-018,R622I,Pfk13
ACH21-AA003,N326S,Pfcrt
ACH21-AA004,N326S,Pfcrt
ACH21-AA006,N326S,Pfcrt
ACH21-AA008,N326S,Pfcrt
ACH21-AA010,N326S,Pfcrt
ACH21-AA011,N326S,Pfcrt
ACH21-AA012,N326S,Pfcrt
ACH21-AA014,N326S,Pfcrt
ACH21-AA018,N326S,Pfcrt
ACH21-AA022,N326S,Pfcrt
ACH21-AA023,N326S,Pfcrt
ACH21-AA025,N326S,Pfcrt
ACH21-AA026,N326S,Pfcrt
ACH21-AA028,N326S,Pfcrt
ACH21-AA029,N326S,Pfcrt
ACH21-AA030,N326S,Pfcrt
ACH21-AA031,N326S,Pfcrt
ACH21-AA032,N326S,Pfcrt
ACH21-AA033,N326S,Pfcrt
ACH21-AA035,N326S,Pfcrt
ACH21-AA036,N326S,Pfcrt
ACH21-AA037,N326S,Pfcrt
ACH21-AA039,N326S,Pfcrt
ACH21-AA041,N326S,Pfcrt
ACH21-AA042,N326S,Pfcrt
ACH21-AA043,N326S,Pfcrt
ACH21-AA044,N326S,Pfcrt
ACH21-AA045,N326S,Pfcrt
ACH21-AA047,N326S,Pfcrt
ACH21-AA048,N326S,Pfcrt
ACH21-AA049,N326S,Pfcrt
ACH21-BB031,N326S,Pfcrt
ACH21-BB033,N326S,Pfcrt
ACH21-BB037,N326S,Pfcrt
ACH21-BB039,N326S,Pfcrt
ACH21-BB042,N326S,Pfcrt
ACH21-BB046,N326S,Pfcrt
ACH21-BB053,N326S,Pfcrt
ACH21-BB057,N326S,Pfcrt
ACH21-BB067,N326S,Pfcrt
ACH21-BB068,N326S,Pfcrt
ACH21-BB075,N326S,Pfcrt
ACH21-BB077,N326S,Pfcrt
ACH21-BB079,N326S,Pfcrt
ACH21-BB081,N326S,Pfcrt
ACH21-BB089,N326S,Pfcrt
ACH21-BD005,N326S,Pfcrt
ACH21-BD011,N326S,Pfcrt
ACH21-BD018,N326S,Pfcrt
ACH21-BD027,N326S,Pfcrt
ACH21-BD028,N326S,Pfcrt
ACH21-BS003,N326S,Pfcrt
ACH21-BS008,N326S,Pfcrt
ACH21-BS009,N326S,Pfcrt
ACH21-BS012,N326S,Pfcrt
ACH21-BS015,N326S,Pfcrt
ACH21-BS028,N326S,Pfcrt
ACH21-BS048,N326S,Pfcrt
ACH21-BS053,N326S,Pfcrt
ACH21-BS070,N326S,Pfcrt
ACH21-BS074,N326S,Pfcrt
ACH21-BS075,N326S,Pfcrt
ACH21-BS076,N326S,Pfcrt
ACH21-BS077,N326S,Pfcrt
ACH21-BS080,N326S,Pfcrt
ACH21-BS081,N326S,Pfcrt
ACH21-BS082,N326S,Pfcrt
ACH21-BS-083,N326S,Pfcrt
ACH21-DH133,N326S,Pfcrt
ACH21-DH137,N326S,Pfcrt
ACH21-DH141,N326S,Pfcrt
ACH21-DH144,N326S,Pfcrt
ACH21-DH145,N326S,Pfcrt
ACH21-DH147,N326S,Pfcrt
ACH21-DH148,N326S,Pfcrt
ACH21-DH149,N326S,Pfcrt
ACH21-DH167,N326S,Pfcrt
ACH21-DH180,N326S,Pfcrt
ACH21-DH181,N326S,Pfcrt
ACH21-DH184,N326S,Pfcrt
ACH21-DH188,N326S,Pfcrt
ACH21-DH189,N326S,Pfcrt
ACH21-DH193,N326S,Pfcrt
ACH21-DH196,N326S,Pfcrt
ACH21-DH200,N326S,Pfcrt
ACH21-DH201,N326S,Pfcrt
ACH21-DH203,N326S,Pfcrt
ACH21-DH204,N326S,Pfcrt
ACH21-DL005,N326S,Pfcrt
ACH21-DL007,N326S,Pfcrt
ACH21-DL012,N326S,Pfcrt
ACH21-DL015,N326S,Pfcrt
ACH21-DL019,I356T,Pfcrt
ACH21-DL021,N326S,Pfcrt
ACH21-DL064,N326S,Pfcrt
ACH21-DL067,N326S,Pfcrt
ACH21-DL089,N326S,Pfcrt
ACH21-DO001,N326S,Pfcrt
ACH21-DO002,N326S,Pfcrt
ACH21-DO002,I356T,Pfcrt
ACH21-DO003,I356T,Pfcrt
ACH21-DO004,I356T,Pfcrt
ACH21-DO005,N326S,Pfcrt
ACH21-DO006,N326S,Pfcrt
ACH21-DO007,I356T,Pfcrt
ACH21-DO009,N326S,Pfcrt
ACH21-DO011,N326S,Pfcrt
ACH21-DO012,N326S,Pfcrt
ACH21-DO019,N326S,Pfcrt
ACH21-DO022,N326S,Pfcrt
ACH21-DO023,N326S,Pfcrt
ACH21-DO152,I356T,Pfcrt
ACH21-DO154,N326S,Pfcrt
ACH21-DO156,N326S,Pfcrt
ACH21-DO165,N326S,Pfcrt
ACH21-FB003,N326S,Pfcrt
ACH21-FB004,N326S,Pfcrt
ACH21-FB006,N326S,Pfcrt
ACH21-FB008,N326S,Pfcrt
ACH21-FB009,N326S,Pfcrt
ACH21-FB011,N326S,Pfcrt
ACH21-FB012,N326S,Pfcrt
ACH21-FB014,N326S,Pfcrt
ACH21-FB016,N326S,Pfcrt
ACH21-FB021,N326S,Pfcrt
ACH21-FB024,N326S,Pfcrt
ACH21-FB026,N326S,Pfcrt
ACH21-FB027,N326S,Pfcrt
ACH21-FB029,N326S,Pfcrt
ACH21-FB031,N326S,Pfcrt
ACH21-FB032,N326S,Pfcrt
ACH21-FB036,N326S,Pfcrt
ACH21-FB038,N326S,Pfcrt
ACH21-FB040,N326S,Pfcrt
ACH21-FB042,N326S,Pfcrt
ACH21-FB043,N326S,Pfcrt
ACH21-FB044,N326S,Pfcrt
ACH21-FB047,N326S,Pfcrt
ACH21-FB049,N326S,Pfcrt
ACH21-FB050,N326S,Pfcrt
ACH21-FB051,N326S,Pfcrt
ACH21-FB053,N326S,Pfcrt
ACH21-FB057,N326S,Pfcrt
ACH21-FB059,N326S,Pfcrt
ACH21-FB061,N326S,Pfcrt
ACH21-FB063,N326S,Pfcrt
ACH21-FB064,N326S,Pfcrt
ACH21-FB067,N326S,Pfcrt
ACH21-FB071,N326S,Pfcrt
ACH21-FB072,N326S,Pfcrt
ACH21-FB077,N326S,Pfcrt
ACH21-FB078,N326S,Pfcrt
ACH21-FB079,N326S,Pfcrt
ACH21-FB080,N326S,Pfcrt
ACH21-FB082,N326S,Pfcrt
ACH21-FB084,N326S,Pfcrt
ACH21-FB085,N326S,Pfcrt
ACH21-FB088,N326S,Pfcrt
ACH21-FM011,N326S,Pfcrt
ACH21-FM014,N326S,Pfcrt
ACH21-FM015,N326S,Pfcrt
ACH21-FM023,N326S,Pfcrt
ACH21-FM024,N326S,Pfcrt
ACH21-FM025,N326S,Pfcrt
ACH21-FM026,N326S,Pfcrt
ACH21-FM033,N326S,Pfcrt
ACH21-FM034,N326S,Pfcrt
ACH21-FM040,N326S,Pfcrt
ACH21-FM044,N326S,Pfcrt
ACH21-FM046,N326S,Pfcrt
ACH21-FM049,N326S,Pfcrt
ACH21-FM050,N326S,Pfcrt
ACH21-FM051,N326S,Pfcrt
ACH21-FM052,N326S,Pfcrt
ACH21-FM055,N326S,Pfcrt
ACH21-FM058,N326S,Pfcrt
ACH21-FM059,N326S,Pfcrt
ACH21-FM060,N326S,Pfcrt
ACH21-FM062,N326S,Pfcrt
ACH21-FM064,N326S,Pfcrt
ACH21-FM066,N326S,Pfcrt
ACH21-FM069,N326S,Pfcrt
ACH21-FM070,N326S,Pfcrt
ACH21-FM074,N326S,Pfcrt
ACH21-FM079,N326S,Pfcrt
ACH21-FM081,N326S,Pfcrt
ACH21-FM083,N326S,Pfcrt
ACH21-FM086,N326S,Pfcrt
ACH21-FM088,N326S,Pfcrt
ACH21-FM089,N326S,Pfcrt
ACH21-FM092,N326S,Pfcrt
ACH21-FM094,N326S,Pfcrt
ACH21-FM095,N326S,Pfcrt
ACH21-FM096,N326S,Pfcrt
ACH21-GU008,N326S,Pfcrt
ACH21-HH004,N326S,Pfcrt
ACH21-HH006,N326S,Pfcrt
ACH21-HH009,N326S,Pfcrt
ACH21-HH011,N326S,Pfcrt
ACH21-HH013,N326S,Pfcrt
ACH21-HH015,N326S,Pfcrt
ACH21-HH016,N326S,Pfcrt
ACH21-HH018,N326S,Pfcrt
ACH21-HH020,N326S,Pfcrt
ACH21-HH021,N326S,Pfcrt
ACH21-HH023,N326S,Pfcrt
ACH21-HH024,N326S,Pfcrt
ACH21-HH025,N326S,Pfcrt
ACH21-HH026,N326S,Pfcrt
ACH21-HH027,N326S,Pfcrt
ACH21-HH028,N326S,Pfcrt
ACH21-HH030,N326S,Pfcrt
ACH21-HH033,N326S,Pfcrt
ACH21-HH035,N326S,Pfcrt
ACH21-HH036,N326S,Pfcrt
ACH21-HH037,N326S,Pfcrt
ACH21-HH038,N326S,Pfcrt
ACH21-HH040,N326S,Pfcrt
ACH21-HH044,N326S,Pfcrt
ACH21-HH046,N326S,Pfcrt
ACH21-MK020,N326S,Pfcrt
ACH21-MK028,N326S,Pfcrt
ACH21-MK031,N326S,Pfcrt
ACH21-MK032,N326S,Pfcrt
ACH21-MK037,N326S,Pfcrt
ACH21-MK038,N326S,Pfcrt
ACH21-MK054,N326S,Pfcrt
ACH21-MK055,N326S,Pfcrt
ACH21-MK061,N326S,Pfcrt
ACH21-MK101,N326S,Pfcrt
ACH21-MK103,N326S,Pfcrt
ACH21-MK105,N326S,Pfcrt
ACH21-MA005,N326S,Pfcrt
ACH21-MA011,N326S,Pfcrt
ACH21-MA017,N326S,Pfcrt
ACH21-MA020,N326S,Pfcrt
ACH21-MA027,N326S,Pfcrt
ACH21-MA032,N326S,Pfcrt
ACH21-MA033,N326S,Pfcrt
ACH21-MA040,N326S,Pfcrt
ACH21-MM001,N326S,Pfcrt
ACH21-MM002,N326S,Pfcrt
ACH21-MM004,N326S,Pfcrt
ACH21-MM009,N326S,Pfcrt
ACH21-MM014,N326S,Pfcrt
ACH21-MM016,N326S,Pfcrt
ACH21-MM017,N326S,Pfcrt
ACH21-MM018,N326S,Pfcrt
ACH21-MM021,N326S,Pfcrt
ACH21-MM034,N326S,Pfcrt
ACH21-MM036,N326S,Pfcrt
ACH21-MM037,N326S,Pfcrt
ACH21-MM038,N326S,Pfcrt
ACH21-MM039,N326S,Pfcrt
ACH21-MM040,N326S,Pfcrt
ACH21-MM041,N326S,Pfcrt
ACH21-MM042,N326S,Pfcrt
ACH21-MM043,N326S,Pfcrt
ACH21-MM044,N326S,Pfcrt
ACH21-MY281,N326S,Pfcrt
ACH21-MY282,N326S,Pfcrt
ACH21-MY288,N326S,Pfcrt
ACH21-MY291,N326S,Pfcrt
ACH21-MY296,I356T,Pfcrt
ACH21-PF003,N326S,Pfcrt
ACH21-PF008,N326S,Pfcrt
ACH21-SH069,I356T,Pfcrt
ACH21-SH120,N326S,Pfcrt
ACH22-ET005,N326S,Pfcrt
ACH22-MK001,N326S,Pfcrt
ACH22-MK005,N326S,Pfcrt
ACH22-MK008,N326S,Pfcrt
ACH22-MK018,N326S,Pfcrt
ACH22-MK020,N326S,Pfcrt
ACH22-MY006,N326S,Pfcrt
ACH22-PK020,I356T,Pfcrt
GMTP001,N326S,Pfcrt
GMTP002,N326S,Pfcrt
GMTP003,N326S,Pfcrt
GMTP004,N326S,Pfcrt
GMTP007,N326S,Pfcrt
GMTP008,N326S,Pfcrt
GMTP011,N326S,Pfcrt
GMTP013,N326S,Pfcrt
GMTP015,N326S,Pfcrt
GMTP016,N326S,Pfcrt
GMTP018,N326S,Pfcrt
GMTP020,N326S,Pfcrt
GMTP021,N326S,Pfcrt
GMTP022,N326S,Pfcrt
GMTP024,N326S,Pfcrt
GMTP025,N326S,Pfcrt
GMTP027,N326S,Pfcrt
GMTP030,N326S,Pfcrt
GMTP032,N326S,Pfcrt
GMTP035,N326S,Pfcrt
GMTP037,N326S,Pfcrt
GMTP041,N326S,Pfcrt
GMTP044,N326S,Pfcrt
GMTP045,N326S,Pfcrt
GMTP048,N326S,Pfcrt
GMTP050,N326S,Pfcrt
GMTP051,N326S,Pfcrt
GMTP052,N326S,Pfcrt
TG01-001,N326S,Pfcrt
TG01-005,N326S,Pfcrt
TG01-008,N326S,Pfcrt
TG01-009,N326S,Pfcrt
TG01-010,N326S,Pfcrt
TG01-011,N326S,Pfcrt
TG01-012,N326S,Pfcrt
TG01-016,N326S,Pfcrt
TG01-019,N326S,Pfcrt
TG01-020,N326S,Pfcrt
TG01-021,N326S,Pfcrt
TG01-022,N326S,Pfcrt
TG01-023,N326S,Pfcrt
TG01-024,N326S,Pfcrt
TG01-028,N326S,Pfcrt
